IMG_ID,PIXEL_X,PIXEL_Y,PIXEL_COLOR
252,0,0,0
252,1,0,0
252,2,0,0
252,3,0,0
252,4,0,0
252,5,0,0
252,6,0,0
252,7,0,0
252,8,0,0
252,9,0,1
252,10,0,0
252,11,0,0
252,12,0,0
252,13,0,0
252,14,0,0
252,15,0,0
252,16,0,0
252,17,0,0
252,18,0,0
252,19,0,0
252,20,0,0
252,21,0,0
252,22,0,0
252,23,0,0
252,24,0,0
252,25,0,1
252,26,0,0
252,27,0,0
252,28,0,0
252,29,0,1
252,30,0,0
252,31,0,0
252,32,0,0
252,33,0,0
252,34,0,0
252,35,0,0
252,36,0,0
252,37,0,0
252,38,0,0
252,39,0,0
252,40,0,0
252,41,0,0
252,42,0,0
252,43,0,0
252,44,0,0
252,45,0,0
252,46,0,0
252,47,0,0
252,48,0,0
252,49,0,0
252,50,0,0
252,51,0,0
252,52,0,0
252,53,0,0
252,54,0,0
252,55,0,1
252,56,0,0
252,57,0,0
252,58,0,0
252,59,0,0
252,60,0,0
252,61,0,0
252,62,0,0
252,63,0,0
252,64,0,0
252,65,0,1
252,66,0,0
252,67,0,0
252,68,0,0
252,69,0,0
252,70,0,0
252,71,0,0
252,72,0,0
252,73,0,0
252,74,0,0
252,75,0,0
252,76,0,0
252,77,0,0
252,78,0,0
252,79,0,0
252,80,0,0
252,81,0,0
252,82,0,0
252,83,0,0
252,84,0,0
252,85,0,0
252,86,0,0
252,87,0,0
252,88,0,0
252,89,0,0
252,90,0,0
252,91,0,0
252,92,0,0
252,93,0,0
252,94,0,0
252,95,0,0
252,96,0,0
252,97,0,0
252,98,0,0
252,99,0,1
252,100,0,0
252,101,0,0
252,102,0,0
252,103,0,0
252,104,0,0
252,105,0,0
252,106,0,0
252,107,0,0
252,108,0,0
252,109,0,0
252,110,0,0
252,111,0,0
252,0,1,0
252,1,1,0
252,2,1,0
252,3,1,0
252,4,1,0
252,5,1,0
252,6,1,0
252,7,1,0
252,8,1,0
252,9,1,0
252,10,1,0
252,11,1,0
252,12,1,0
252,13,1,0
252,14,1,0
252,15,1,0
252,16,1,0
252,17,1,0
252,18,1,0
252,19,1,0
252,20,1,0
252,21,1,0
252,22,1,0
252,23,1,0
252,24,1,0
252,25,1,0
252,26,1,0
252,27,1,0
252,28,1,0
252,29,1,0
252,30,1,0
252,31,1,0
252,32,1,0
252,33,1,0
252,34,1,0
252,35,1,0
252,36,1,0
252,37,1,0
252,38,1,0
252,39,1,0
252,40,1,0
252,41,1,0
252,42,1,0
252,43,1,0
252,44,1,0
252,45,1,0
252,46,1,0
252,47,1,0
252,48,1,0
252,49,1,0
252,50,1,0
252,51,1,0
252,52,1,0
252,53,1,0
252,54,1,0
252,55,1,0
252,56,1,0
252,57,1,0
252,58,1,0
252,59,1,0
252,60,1,0
252,61,1,0
252,62,1,0
252,63,1,0
252,64,1,0
252,65,1,1
252,66,1,0
252,67,1,0
252,68,1,0
252,69,1,0
252,70,1,0
252,71,1,0
252,72,1,0
252,73,1,0
252,74,1,0
252,75,1,0
252,76,1,0
252,77,1,0
252,78,1,0
252,79,1,0
252,80,1,0
252,81,1,0
252,82,1,0
252,83,1,0
252,84,1,0
252,85,1,0
252,86,1,0
252,87,1,0
252,88,1,0
252,89,1,0
252,90,1,0
252,91,1,0
252,92,1,1
252,93,1,0
252,94,1,0
252,95,1,0
252,96,1,0
252,97,1,0
252,98,1,0
252,99,1,0
252,100,1,0
252,101,1,0
252,102,1,0
252,103,1,0
252,104,1,1
252,105,1,0
252,106,1,0
252,107,1,0
252,108,1,0
252,109,1,0
252,110,1,0
252,111,1,0
252,0,2,0
252,1,2,0
252,2,2,0
252,3,2,0
252,4,2,1
252,5,2,0
252,6,2,0
252,7,2,0
252,8,2,0
252,9,2,0
252,10,2,1
252,11,2,0
252,12,2,0
252,13,2,0
252,14,2,0
252,15,2,0
252,16,2,0
252,17,2,0
252,18,2,0
252,19,2,0
252,20,2,0
252,21,2,0
252,22,2,0
252,23,2,0
252,24,2,0
252,25,2,0
252,26,2,0
252,27,2,0
252,28,2,0
252,29,2,0
252,30,2,0
252,31,2,0
252,32,2,0
252,33,2,0
252,34,2,0
252,35,2,0
252,36,2,0
252,37,2,0
252,38,2,0
252,39,2,0
252,40,2,1
252,41,2,0
252,42,2,0
252,43,2,0
252,44,2,0
252,45,2,0
252,46,2,0
252,47,2,0
252,48,2,0
252,49,2,0
252,50,2,0
252,51,2,0
252,52,2,0
252,53,2,0
252,54,2,0
252,55,2,0
252,56,2,0
252,57,2,1
252,58,2,0
252,59,2,0
252,60,2,0
252,61,2,0
252,62,2,0
252,63,2,0
252,64,2,0
252,65,2,0
252,66,2,0
252,67,2,0
252,68,2,0
252,69,2,0
252,70,2,0
252,71,2,0
252,72,2,0
252,73,2,0
252,74,2,0
252,75,2,0
252,76,2,0
252,77,2,0
252,78,2,0
252,79,2,0
252,80,2,1
252,81,2,0
252,82,2,0
252,83,2,0
252,84,2,0
252,85,2,0
252,86,2,0
252,87,2,1
252,88,2,0
252,89,2,0
252,90,2,0
252,91,2,0
252,92,2,0
252,93,2,0
252,94,2,0
252,95,2,0
252,96,2,0
252,97,2,0
252,98,2,0
252,99,2,0
252,100,2,0
252,101,2,0
252,102,2,0
252,103,2,0
252,104,2,0
252,105,2,0
252,106,2,0
252,107,2,0
252,108,2,0
252,109,2,0
252,110,2,0
252,111,2,0
252,0,3,0
252,1,3,0
252,2,3,0
252,3,3,0
252,4,3,0
252,5,3,0
252,6,3,0
252,7,3,0
252,8,3,0
252,9,3,0
252,10,3,0
252,11,3,0
252,12,3,0
252,13,3,0
252,14,3,0
252,15,3,0
252,16,3,0
252,17,3,0
252,18,3,0
252,19,3,0
252,20,3,0
252,21,3,0
252,22,3,0
252,23,3,0
252,24,3,0
252,25,3,0
252,26,3,0
252,27,3,0
252,28,3,0
252,29,3,0
252,30,3,0
252,31,3,0
252,32,3,0
252,33,3,0
252,34,3,0
252,35,3,0
252,36,3,0
252,37,3,0
252,38,3,0
252,39,3,0
252,40,3,0
252,41,3,0
252,42,3,0
252,43,3,0
252,44,3,0
252,45,3,0
252,46,3,0
252,47,3,1
252,48,3,0
252,49,3,0
252,50,3,0
252,51,3,0
252,52,3,0
252,53,3,0
252,54,3,0
252,55,3,0
252,56,3,0
252,57,3,0
252,58,3,0
252,59,3,0
252,60,3,0
252,61,3,0
252,62,3,0
252,63,3,0
252,64,3,0
252,65,3,0
252,66,3,0
252,67,3,0
252,68,3,0
252,69,3,0
252,70,3,0
252,71,3,0
252,72,3,0
252,73,3,0
252,74,3,0
252,75,3,0
252,76,3,0
252,77,3,0
252,78,3,0
252,79,3,0
252,80,3,0
252,81,3,0
252,82,3,0
252,83,3,0
252,84,3,0
252,85,3,0
252,86,3,0
252,87,3,0
252,88,3,0
252,89,3,0
252,90,3,0
252,91,3,0
252,92,3,0
252,93,3,0
252,94,3,0
252,95,3,0
252,96,3,0
252,97,3,0
252,98,3,0
252,99,3,0
252,100,3,0
252,101,3,0
252,102,3,0
252,103,3,0
252,104,3,0
252,105,3,0
252,106,3,0
252,107,3,0
252,108,3,0
252,109,3,1
252,110,3,0
252,111,3,0
252,0,4,0
252,1,4,0
252,2,4,0
252,3,4,0
252,4,4,1
252,5,4,0
252,6,4,0
252,7,4,0
252,8,4,0
252,9,4,0
252,10,4,0
252,11,4,0
252,12,4,0
252,13,4,0
252,14,4,0
252,15,4,0
252,16,4,0
252,17,4,0
252,18,4,0
252,19,4,0
252,20,4,0
252,21,4,0
252,22,4,0
252,23,4,0
252,24,4,0
252,25,4,0
252,26,4,0
252,27,4,0
252,28,4,0
252,29,4,0
252,30,4,0
252,31,4,0
252,32,4,0
252,33,4,0
252,34,4,0
252,35,4,0
252,36,4,0
252,37,4,0
252,38,4,0
252,39,4,0
252,40,4,0
252,41,4,0
252,42,4,0
252,43,4,0
252,44,4,0
252,45,4,0
252,46,4,0
252,47,4,0
252,48,4,0
252,49,4,0
252,50,4,0
252,51,4,0
252,52,4,0
252,53,4,0
252,54,4,0
252,55,4,0
252,56,4,0
252,57,4,0
252,58,4,0
252,59,4,0
252,60,4,0
252,61,4,1
252,62,4,1
252,63,4,0
252,64,4,0
252,65,4,0
252,66,4,0
252,67,4,0
252,68,4,0
252,69,4,0
252,70,4,0
252,71,4,0
252,72,4,0
252,73,4,0
252,74,4,0
252,75,4,0
252,76,4,0
252,77,4,0
252,78,4,0
252,79,4,0
252,80,4,0
252,81,4,0
252,82,4,0
252,83,4,0
252,84,4,0
252,85,4,1
252,86,4,0
252,87,4,0
252,88,4,0
252,89,4,0
252,90,4,0
252,91,4,0
252,92,4,0
252,93,4,0
252,94,4,0
252,95,4,0
252,96,4,0
252,97,4,0
252,98,4,0
252,99,4,0
252,100,4,0
252,101,4,0
252,102,4,0
252,103,4,0
252,104,4,0
252,105,4,0
252,106,4,0
252,107,4,0
252,108,4,0
252,109,4,0
252,110,4,0
252,111,4,0
252,0,5,0
252,1,5,0
252,2,5,0
252,3,5,0
252,4,5,0
252,5,5,0
252,6,5,0
252,7,5,0
252,8,5,0
252,9,5,0
252,10,5,0
252,11,5,0
252,12,5,0
252,13,5,0
252,14,5,0
252,15,5,0
252,16,5,0
252,17,5,0
252,18,5,0
252,19,5,0
252,20,5,0
252,21,5,0
252,22,5,0
252,23,5,0
252,24,5,0
252,25,5,0
252,26,5,0
252,27,5,0
252,28,5,0
252,29,5,0
252,30,5,0
252,31,5,1
252,32,5,0
252,33,5,0
252,34,5,0
252,35,5,0
252,36,5,0
252,37,5,0
252,38,5,0
252,39,5,0
252,40,5,0
252,41,5,0
252,42,5,0
252,43,5,0
252,44,5,0
252,45,5,0
252,46,5,0
252,47,5,0
252,48,5,0
252,49,5,1
252,50,5,0
252,51,5,0
252,52,5,0
252,53,5,1
252,54,5,0
252,55,5,0
252,56,5,1
252,57,5,0
252,58,5,0
252,59,5,0
252,60,5,0
252,61,5,0
252,62,5,0
252,63,5,0
252,64,5,0
252,65,5,0
252,66,5,0
252,67,5,0
252,68,5,0
252,69,5,0
252,70,5,0
252,71,5,0
252,72,5,0
252,73,5,0
252,74,5,0
252,75,5,0
252,76,5,0
252,77,5,0
252,78,5,0
252,79,5,0
252,80,5,0
252,81,5,0
252,82,5,0
252,83,5,0
252,84,5,0
252,85,5,0
252,86,5,0
252,87,5,1
252,88,5,0
252,89,5,0
252,90,5,0
252,91,5,0
252,92,5,0
252,93,5,0
252,94,5,0
252,95,5,0
252,96,5,0
252,97,5,0
252,98,5,0
252,99,5,0
252,100,5,0
252,101,5,0
252,102,5,0
252,103,5,0
252,104,5,0
252,105,5,0
252,106,5,0
252,107,5,0
252,108,5,0
252,109,5,0
252,110,5,0
252,111,5,0
252,0,6,0
252,1,6,0
252,2,6,0
252,3,6,0
252,4,6,0
252,5,6,0
252,6,6,0
252,7,6,0
252,8,6,0
252,9,6,0
252,10,6,0
252,11,6,0
252,12,6,0
252,13,6,0
252,14,6,0
252,15,6,0
252,16,6,0
252,17,6,0
252,18,6,0
252,19,6,0
252,20,6,0
252,21,6,0
252,22,6,0
252,23,6,0
252,24,6,0
252,25,6,0
252,26,6,0
252,27,6,0
252,28,6,0
252,29,6,0
252,30,6,0
252,31,6,0
252,32,6,0
252,33,6,1
252,34,6,0
252,35,6,0
252,36,6,0
252,37,6,0
252,38,6,0
252,39,6,0
252,40,6,0
252,41,6,0
252,42,6,0
252,43,6,0
252,44,6,0
252,45,6,0
252,46,6,0
252,47,6,0
252,48,6,0
252,49,6,0
252,50,6,0
252,51,6,0
252,52,6,0
252,53,6,0
252,54,6,0
252,55,6,0
252,56,6,0
252,57,6,0
252,58,6,0
252,59,6,0
252,60,6,0
252,61,6,0
252,62,6,0
252,63,6,0
252,64,6,0
252,65,6,0
252,66,6,0
252,67,6,0
252,68,6,0
252,69,6,0
252,70,6,0
252,71,6,0
252,72,6,0
252,73,6,0
252,74,6,0
252,75,6,0
252,76,6,0
252,77,6,1
252,78,6,1
252,79,6,0
252,80,6,0
252,81,6,1
252,82,6,1
252,83,6,1
252,84,6,1
252,85,6,1
252,86,6,1
252,87,6,0
252,88,6,0
252,89,6,0
252,90,6,0
252,91,6,0
252,92,6,0
252,93,6,0
252,94,6,0
252,95,6,0
252,96,6,0
252,97,6,0
252,98,6,0
252,99,6,0
252,100,6,0
252,101,6,0
252,102,6,0
252,103,6,0
252,104,6,0
252,105,6,0
252,106,6,0
252,107,6,0
252,108,6,0
252,109,6,0
252,110,6,0
252,111,6,0
252,0,7,0
252,1,7,0
252,2,7,0
252,3,7,0
252,4,7,0
252,5,7,0
252,6,7,0
252,7,7,0
252,8,7,0
252,9,7,0
252,10,7,0
252,11,7,0
252,12,7,0
252,13,7,0
252,14,7,0
252,15,7,0
252,16,7,1
252,17,7,0
252,18,7,0
252,19,7,0
252,20,7,0
252,21,7,0
252,22,7,0
252,23,7,0
252,24,7,0
252,25,7,1
252,26,7,0
252,27,7,0
252,28,7,0
252,29,7,0
252,30,7,0
252,31,7,0
252,32,7,0
252,33,7,0
252,34,7,0
252,35,7,0
252,36,7,0
252,37,7,0
252,38,7,0
252,39,7,1
252,40,7,0
252,41,7,0
252,42,7,0
252,43,7,0
252,44,7,0
252,45,7,0
252,46,7,0
252,47,7,0
252,48,7,0
252,49,7,0
252,50,7,1
252,51,7,0
252,52,7,0
252,53,7,0
252,54,7,0
252,55,7,0
252,56,7,0
252,57,7,0
252,58,7,1
252,59,7,0
252,60,7,0
252,61,7,0
252,62,7,0
252,63,7,0
252,64,7,0
252,65,7,0
252,66,7,0
252,67,7,0
252,68,7,0
252,69,7,0
252,70,7,0
252,71,7,0
252,72,7,0
252,73,7,1
252,74,7,0
252,75,7,0
252,76,7,0
252,77,7,0
252,78,7,0
252,79,7,0
252,80,7,0
252,81,7,0
252,82,7,0
252,83,7,0
252,84,7,0
252,85,7,1
252,86,7,0
252,87,7,0
252,88,7,0
252,89,7,0
252,90,7,0
252,91,7,0
252,92,7,0
252,93,7,0
252,94,7,0
252,95,7,0
252,96,7,0
252,97,7,0
252,98,7,0
252,99,7,0
252,100,7,0
252,101,7,0
252,102,7,0
252,103,7,0
252,104,7,0
252,105,7,0
252,106,7,0
252,107,7,0
252,108,7,0
252,109,7,0
252,110,7,0
252,111,7,0
252,0,8,0
252,1,8,0
252,2,8,0
252,3,8,0
252,4,8,0
252,5,8,0
252,6,8,0
252,7,8,0
252,8,8,0
252,9,8,0
252,10,8,0
252,11,8,0
252,12,8,0
252,13,8,0
252,14,8,0
252,15,8,0
252,16,8,0
252,17,8,0
252,18,8,0
252,19,8,0
252,20,8,0
252,21,8,0
252,22,8,0
252,23,8,0
252,24,8,0
252,25,8,0
252,26,8,0
252,27,8,0
252,28,8,0
252,29,8,0
252,30,8,0
252,31,8,0
252,32,8,0
252,33,8,0
252,34,8,0
252,35,8,0
252,36,8,0
252,37,8,0
252,38,8,0
252,39,8,0
252,40,8,0
252,41,8,0
252,42,8,0
252,43,8,0
252,44,8,0
252,45,8,0
252,46,8,0
252,47,8,0
252,48,8,0
252,49,8,0
252,50,8,0
252,51,8,0
252,52,8,0
252,53,8,0
252,54,8,0
252,55,8,0
252,56,8,0
252,57,8,0
252,58,8,1
252,59,8,0
252,60,8,0
252,61,8,0
252,62,8,0
252,63,8,0
252,64,8,0
252,65,8,0
252,66,8,0
252,67,8,0
252,68,8,0
252,69,8,0
252,70,8,0
252,71,8,0
252,72,8,0
252,73,8,0
252,74,8,0
252,75,8,0
252,76,8,0
252,77,8,0
252,78,8,0
252,79,8,0
252,80,8,0
252,81,8,0
252,82,8,0
252,83,8,0
252,84,8,1
252,85,8,0
252,86,8,0
252,87,8,0
252,88,8,0
252,89,8,0
252,90,8,0
252,91,8,0
252,92,8,0
252,93,8,0
252,94,8,0
252,95,8,0
252,96,8,0
252,97,8,0
252,98,8,0
252,99,8,0
252,100,8,0
252,101,8,0
252,102,8,0
252,103,8,0
252,104,8,0
252,105,8,0
252,106,8,0
252,107,8,0
252,108,8,0
252,109,8,0
252,110,8,0
252,111,8,0
252,0,9,0
252,1,9,0
252,2,9,0
252,3,9,1
252,4,9,0
252,5,9,0
252,6,9,0
252,7,9,0
252,8,9,0
252,9,9,0
252,10,9,0
252,11,9,0
252,12,9,0
252,13,9,0
252,14,9,0
252,15,9,0
252,16,9,0
252,17,9,0
252,18,9,0
252,19,9,0
252,20,9,0
252,21,9,0
252,22,9,0
252,23,9,0
252,24,9,0
252,25,9,0
252,26,9,0
252,27,9,0
252,28,9,0
252,29,9,0
252,30,9,0
252,31,9,0
252,32,9,0
252,33,9,0
252,34,9,0
252,35,9,0
252,36,9,0
252,37,9,0
252,38,9,1
252,39,9,0
252,40,9,0
252,41,9,0
252,42,9,0
252,43,9,0
252,44,9,1
252,45,9,0
252,46,9,0
252,47,9,0
252,48,9,0
252,49,9,0
252,50,9,0
252,51,9,0
252,52,9,1
252,53,9,0
252,54,9,0
252,55,9,0
252,56,9,0
252,57,9,0
252,58,9,0
252,59,9,0
252,60,9,0
252,61,9,0
252,62,9,0
252,63,9,0
252,64,9,0
252,65,9,0
252,66,9,0
252,67,9,0
252,68,9,0
252,69,9,0
252,70,9,0
252,71,9,0
252,72,9,0
252,73,9,0
252,74,9,0
252,75,9,0
252,76,9,0
252,77,9,0
252,78,9,0
252,79,9,0
252,80,9,0
252,81,9,0
252,82,9,0
252,83,9,1
252,84,9,1
252,85,9,0
252,86,9,0
252,87,9,0
252,88,9,0
252,89,9,0
252,90,9,0
252,91,9,0
252,92,9,0
252,93,9,0
252,94,9,0
252,95,9,0
252,96,9,0
252,97,9,0
252,98,9,0
252,99,9,0
252,100,9,0
252,101,9,0
252,102,9,1
252,103,9,0
252,104,9,1
252,105,9,0
252,106,9,0
252,107,9,0
252,108,9,0
252,109,9,0
252,110,9,0
252,111,9,0
252,0,10,0
252,1,10,0
252,2,10,0
252,3,10,0
252,4,10,0
252,5,10,0
252,6,10,0
252,7,10,0
252,8,10,0
252,9,10,0
252,10,10,0
252,11,10,0
252,12,10,0
252,13,10,0
252,14,10,0
252,15,10,0
252,16,10,0
252,17,10,0
252,18,10,0
252,19,10,0
252,20,10,0
252,21,10,0
252,22,10,0
252,23,10,0
252,24,10,0
252,25,10,0
252,26,10,0
252,27,10,0
252,28,10,0
252,29,10,0
252,30,10,0
252,31,10,0
252,32,10,0
252,33,10,0
252,34,10,0
252,35,10,0
252,36,10,0
252,37,10,1
252,38,10,0
252,39,10,0
252,40,10,0
252,41,10,0
252,42,10,0
252,43,10,0
252,44,10,0
252,45,10,1
252,46,10,0
252,47,10,0
252,48,10,0
252,49,10,0
252,50,10,0
252,51,10,0
252,52,10,0
252,53,10,0
252,54,10,0
252,55,10,0
252,56,10,0
252,57,10,0
252,58,10,0
252,59,10,0
252,60,10,0
252,61,10,0
252,62,10,0
252,63,10,0
252,64,10,0
252,65,10,0
252,66,10,0
252,67,10,0
252,68,10,0
252,69,10,0
252,70,10,0
252,71,10,0
252,72,10,0
252,73,10,0
252,74,10,0
252,75,10,0
252,76,10,0
252,77,10,0
252,78,10,0
252,79,10,0
252,80,10,0
252,81,10,0
252,82,10,1
252,83,10,0
252,84,10,0
252,85,10,0
252,86,10,0
252,87,10,0
252,88,10,0
252,89,10,0
252,90,10,0
252,91,10,0
252,92,10,0
252,93,10,0
252,94,10,0
252,95,10,0
252,96,10,0
252,97,10,0
252,98,10,0
252,99,10,0
252,100,10,0
252,101,10,0
252,102,10,0
252,103,10,0
252,104,10,0
252,105,10,0
252,106,10,0
252,107,10,0
252,108,10,0
252,109,10,0
252,110,10,0
252,111,10,0
252,0,11,0
252,1,11,0
252,2,11,0
252,3,11,0
252,4,11,0
252,5,11,0
252,6,11,0
252,7,11,0
252,8,11,0
252,9,11,0
252,10,11,0
252,11,11,0
252,12,11,0
252,13,11,0
252,14,11,0
252,15,11,0
252,16,11,1
252,17,11,0
252,18,11,0
252,19,11,0
252,20,11,0
252,21,11,0
252,22,11,0
252,23,11,0
252,24,11,0
252,25,11,0
252,26,11,0
252,27,11,1
252,28,11,0
252,29,11,0
252,30,11,0
252,31,11,0
252,32,11,0
252,33,11,0
252,34,11,0
252,35,11,0
252,36,11,0
252,37,11,0
252,38,11,0
252,39,11,0
252,40,11,0
252,41,11,0
252,42,11,0
252,43,11,0
252,44,11,0
252,45,11,0
252,46,11,0
252,47,11,1
252,48,11,0
252,49,11,0
252,50,11,0
252,51,11,0
252,52,11,0
252,53,11,0
252,54,11,0
252,55,11,0
252,56,11,0
252,57,11,0
252,58,11,0
252,59,11,0
252,60,11,0
252,61,11,0
252,62,11,0
252,63,11,0
252,64,11,0
252,65,11,0
252,66,11,0
252,67,11,0
252,68,11,0
252,69,11,0
252,70,11,0
252,71,11,0
252,72,11,0
252,73,11,0
252,74,11,0
252,75,11,0
252,76,11,0
252,77,11,0
252,78,11,0
252,79,11,0
252,80,11,0
252,81,11,1
252,82,11,0
252,83,11,1
252,84,11,0
252,85,11,0
252,86,11,0
252,87,11,0
252,88,11,0
252,89,11,0
252,90,11,0
252,91,11,0
252,92,11,0
252,93,11,0
252,94,11,0
252,95,11,0
252,96,11,0
252,97,11,0
252,98,11,0
252,99,11,0
252,100,11,0
252,101,11,0
252,102,11,0
252,103,11,0
252,104,11,0
252,105,11,0
252,106,11,0
252,107,11,0
252,108,11,0
252,109,11,1
252,110,11,0
252,111,11,0
252,0,12,0
252,1,12,0
252,2,12,0
252,3,12,0
252,4,12,0
252,5,12,0
252,6,12,0
252,7,12,0
252,8,12,0
252,9,12,0
252,10,12,0
252,11,12,0
252,12,12,0
252,13,12,0
252,14,12,0
252,15,12,0
252,16,12,0
252,17,12,1
252,18,12,0
252,19,12,0
252,20,12,0
252,21,12,0
252,22,12,0
252,23,12,0
252,24,12,0
252,25,12,0
252,26,12,0
252,27,12,0
252,28,12,0
252,29,12,0
252,30,12,0
252,31,12,0
252,32,12,0
252,33,12,0
252,34,12,0
252,35,12,0
252,36,12,0
252,37,12,0
252,38,12,0
252,39,12,0
252,40,12,0
252,41,12,0
252,42,12,0
252,43,12,0
252,44,12,0
252,45,12,0
252,46,12,0
252,47,12,0
252,48,12,0
252,49,12,0
252,50,12,0
252,51,12,0
252,52,12,0
252,53,12,0
252,54,12,0
252,55,12,0
252,56,12,0
252,57,12,0
252,58,12,0
252,59,12,0
252,60,12,0
252,61,12,0
252,62,12,0
252,63,12,0
252,64,12,0
252,65,12,1
252,66,12,0
252,67,12,0
252,68,12,0
252,69,12,0
252,70,12,0
252,71,12,0
252,72,12,0
252,73,12,0
252,74,12,0
252,75,12,0
252,76,12,0
252,77,12,1
252,78,12,1
252,79,12,0
252,80,12,1
252,81,12,1
252,82,12,1
252,83,12,1
252,84,12,0
252,85,12,1
252,86,12,0
252,87,12,0
252,88,12,0
252,89,12,0
252,90,12,0
252,91,12,0
252,92,12,0
252,93,12,0
252,94,12,0
252,95,12,0
252,96,12,0
252,97,12,0
252,98,12,0
252,99,12,0
252,100,12,0
252,101,12,0
252,102,12,0
252,103,12,1
252,104,12,0
252,105,12,0
252,106,12,0
252,107,12,0
252,108,12,0
252,109,12,0
252,110,12,0
252,111,12,0
252,0,13,0
252,1,13,0
252,2,13,0
252,3,13,0
252,4,13,0
252,5,13,0
252,6,13,0
252,7,13,0
252,8,13,0
252,9,13,0
252,10,13,0
252,11,13,0
252,12,13,0
252,13,13,0
252,14,13,0
252,15,13,0
252,16,13,0
252,17,13,0
252,18,13,1
252,19,13,0
252,20,13,0
252,21,13,0
252,22,13,0
252,23,13,1
252,24,13,0
252,25,13,0
252,26,13,0
252,27,13,0
252,28,13,0
252,29,13,0
252,30,13,0
252,31,13,0
252,32,13,0
252,33,13,0
252,34,13,0
252,35,13,0
252,36,13,0
252,37,13,0
252,38,13,0
252,39,13,0
252,40,13,0
252,41,13,0
252,42,13,0
252,43,13,0
252,44,13,0
252,45,13,0
252,46,13,0
252,47,13,0
252,48,13,0
252,49,13,0
252,50,13,0
252,51,13,0
252,52,13,0
252,53,13,0
252,54,13,0
252,55,13,0
252,56,13,0
252,57,13,0
252,58,13,0
252,59,13,0
252,60,13,0
252,61,13,0
252,62,13,0
252,63,13,0
252,64,13,0
252,65,13,0
252,66,13,0
252,67,13,0
252,68,13,0
252,69,13,0
252,70,13,0
252,71,13,0
252,72,13,0
252,73,13,0
252,74,13,0
252,75,13,0
252,76,13,0
252,77,13,1
252,78,13,1
252,79,13,1
252,80,13,0
252,81,13,1
252,82,13,1
252,83,13,1
252,84,13,0
252,85,13,1
252,86,13,0
252,87,13,0
252,88,13,0
252,89,13,0
252,90,13,0
252,91,13,0
252,92,13,0
252,93,13,0
252,94,13,0
252,95,13,1
252,96,13,0
252,97,13,0
252,98,13,0
252,99,13,0
252,100,13,0
252,101,13,0
252,102,13,0
252,103,13,0
252,104,13,1
252,105,13,0
252,106,13,0
252,107,13,0
252,108,13,0
252,109,13,0
252,110,13,0
252,111,13,0
252,0,14,0
252,1,14,0
252,2,14,0
252,3,14,0
252,4,14,0
252,5,14,0
252,6,14,0
252,7,14,0
252,8,14,0
252,9,14,0
252,10,14,0
252,11,14,0
252,12,14,0
252,13,14,0
252,14,14,0
252,15,14,0
252,16,14,1
252,17,14,0
252,18,14,0
252,19,14,0
252,20,14,0
252,21,14,0
252,22,14,0
252,23,14,0
252,24,14,0
252,25,14,0
252,26,14,0
252,27,14,0
252,28,14,0
252,29,14,0
252,30,14,0
252,31,14,0
252,32,14,0
252,33,14,0
252,34,14,0
252,35,14,0
252,36,14,0
252,37,14,0
252,38,14,0
252,39,14,0
252,40,14,0
252,41,14,0
252,42,14,0
252,43,14,0
252,44,14,0
252,45,14,0
252,46,14,0
252,47,14,0
252,48,14,0
252,49,14,0
252,50,14,0
252,51,14,0
252,52,14,0
252,53,14,0
252,54,14,0
252,55,14,0
252,56,14,0
252,57,14,0
252,58,14,0
252,59,14,1
252,60,14,0
252,61,14,0
252,62,14,0
252,63,14,0
252,64,14,0
252,65,14,0
252,66,14,1
252,67,14,0
252,68,14,0
252,69,14,0
252,70,14,0
252,71,14,0
252,72,14,0
252,73,14,0
252,74,14,0
252,75,14,0
252,76,14,0
252,77,14,0
252,78,14,1
252,79,14,0
252,80,14,0
252,81,14,0
252,82,14,0
252,83,14,0
252,84,14,0
252,85,14,0
252,86,14,0
252,87,14,0
252,88,14,0
252,89,14,0
252,90,14,0
252,91,14,0
252,92,14,0
252,93,14,0
252,94,14,0
252,95,14,0
252,96,14,0
252,97,14,0
252,98,14,0
252,99,14,0
252,100,14,0
252,101,14,0
252,102,14,0
252,103,14,0
252,104,14,0
252,105,14,0
252,106,14,0
252,107,14,0
252,108,14,0
252,109,14,1
252,110,14,0
252,111,14,0
252,0,15,0
252,1,15,0
252,2,15,0
252,3,15,0
252,4,15,0
252,5,15,0
252,6,15,0
252,7,15,0
252,8,15,0
252,9,15,0
252,10,15,0
252,11,15,0
252,12,15,0
252,13,15,0
252,14,15,0
252,15,15,0
252,16,15,0
252,17,15,0
252,18,15,0
252,19,15,0
252,20,15,0
252,21,15,0
252,22,15,0
252,23,15,0
252,24,15,0
252,25,15,0
252,26,15,0
252,27,15,0
252,28,15,0
252,29,15,0
252,30,15,0
252,31,15,0
252,32,15,0
252,33,15,0
252,34,15,0
252,35,15,0
252,36,15,1
252,37,15,0
252,38,15,0
252,39,15,0
252,40,15,0
252,41,15,0
252,42,15,0
252,43,15,0
252,44,15,0
252,45,15,0
252,46,15,0
252,47,15,0
252,48,15,0
252,49,15,0
252,50,15,0
252,51,15,1
252,52,15,0
252,53,15,0
252,54,15,1
252,55,15,0
252,56,15,1
252,57,15,0
252,58,15,0
252,59,15,0
252,60,15,0
252,61,15,0
252,62,15,0
252,63,15,0
252,64,15,0
252,65,15,0
252,66,15,0
252,67,15,0
252,68,15,0
252,69,15,0
252,70,15,0
252,71,15,1
252,72,15,0
252,73,15,1
252,74,15,1
252,75,15,0
252,76,15,0
252,77,15,1
252,78,15,0
252,79,15,0
252,80,15,0
252,81,15,0
252,82,15,0
252,83,15,0
252,84,15,0
252,85,15,0
252,86,15,0
252,87,15,1
252,88,15,1
252,89,15,0
252,90,15,1
252,91,15,1
252,92,15,0
252,93,15,0
252,94,15,0
252,95,15,0
252,96,15,0
252,97,15,0
252,98,15,1
252,99,15,0
252,100,15,0
252,101,15,1
252,102,15,0
252,103,15,0
252,104,15,0
252,105,15,0
252,106,15,0
252,107,15,0
252,108,15,0
252,109,15,1
252,110,15,1
252,111,15,0
252,0,16,0
252,1,16,0
252,2,16,0
252,3,16,0
252,4,16,0
252,5,16,0
252,6,16,0
252,7,16,0
252,8,16,0
252,9,16,0
252,10,16,0
252,11,16,0
252,12,16,0
252,13,16,0
252,14,16,0
252,15,16,0
252,16,16,0
252,17,16,0
252,18,16,0
252,19,16,0
252,20,16,0
252,21,16,0
252,22,16,0
252,23,16,0
252,24,16,0
252,25,16,0
252,26,16,0
252,27,16,0
252,28,16,0
252,29,16,0
252,30,16,0
252,31,16,0
252,32,16,0
252,33,16,0
252,34,16,0
252,35,16,0
252,36,16,0
252,37,16,0
252,38,16,0
252,39,16,0
252,40,16,0
252,41,16,0
252,42,16,0
252,43,16,0
252,44,16,0
252,45,16,0
252,46,16,0
252,47,16,0
252,48,16,0
252,49,16,0
252,50,16,0
252,51,16,0
252,52,16,0
252,53,16,0
252,54,16,0
252,55,16,0
252,56,16,0
252,57,16,1
252,58,16,0
252,59,16,0
252,60,16,0
252,61,16,1
252,62,16,0
252,63,16,0
252,64,16,0
252,65,16,0
252,66,16,0
252,67,16,0
252,68,16,0
252,69,16,0
252,70,16,0
252,71,16,0
252,72,16,0
252,73,16,0
252,74,16,0
252,75,16,0
252,76,16,1
252,77,16,0
252,78,16,0
252,79,16,0
252,80,16,0
252,81,16,0
252,82,16,0
252,83,16,0
252,84,16,0
252,85,16,0
252,86,16,0
252,87,16,0
252,88,16,0
252,89,16,0
252,90,16,0
252,91,16,0
252,92,16,0
252,93,16,0
252,94,16,0
252,95,16,0
252,96,16,0
252,97,16,0
252,98,16,0
252,99,16,0
252,100,16,0
252,101,16,0
252,102,16,0
252,103,16,0
252,104,16,0
252,105,16,0
252,106,16,0
252,107,16,0
252,108,16,0
252,109,16,0
252,110,16,0
252,111,16,0
252,0,17,0
252,1,17,0
252,2,17,1
252,3,17,0
252,4,17,0
252,5,17,0
252,6,17,0
252,7,17,0
252,8,17,0
252,9,17,0
252,10,17,0
252,11,17,0
252,12,17,0
252,13,17,0
252,14,17,0
252,15,17,0
252,16,17,0
252,17,17,0
252,18,17,0
252,19,17,0
252,20,17,0
252,21,17,0
252,22,17,0
252,23,17,0
252,24,17,0
252,25,17,0
252,26,17,0
252,27,17,0
252,28,17,0
252,29,17,0
252,30,17,0
252,31,17,0
252,32,17,0
252,33,17,0
252,34,17,0
252,35,17,0
252,36,17,0
252,37,17,0
252,38,17,1
252,39,17,0
252,40,17,0
252,41,17,0
252,42,17,0
252,43,17,0
252,44,17,0
252,45,17,0
252,46,17,0
252,47,17,0
252,48,17,0
252,49,17,0
252,50,17,0
252,51,17,0
252,52,17,0
252,53,17,0
252,54,17,0
252,55,17,0
252,56,17,0
252,57,17,0
252,58,17,0
252,59,17,0
252,60,17,0
252,61,17,0
252,62,17,0
252,63,17,0
252,64,17,0
252,65,17,0
252,66,17,0
252,67,17,0
252,68,17,0
252,69,17,0
252,70,17,0
252,71,17,0
252,72,17,0
252,73,17,0
252,74,17,0
252,75,17,1
252,76,17,0
252,77,17,0
252,78,17,0
252,79,17,0
252,80,17,0
252,81,17,0
252,82,17,0
252,83,17,1
252,84,17,0
252,85,17,0
252,86,17,0
252,87,17,0
252,88,17,0
252,89,17,0
252,90,17,0
252,91,17,0
252,92,17,0
252,93,17,0
252,94,17,0
252,95,17,0
252,96,17,0
252,97,17,0
252,98,17,0
252,99,17,0
252,100,17,0
252,101,17,0
252,102,17,0
252,103,17,0
252,104,17,0
252,105,17,0
252,106,17,0
252,107,17,0
252,108,17,0
252,109,17,0
252,110,17,0
252,111,17,0
252,0,18,0
252,1,18,0
252,2,18,0
252,3,18,0
252,4,18,0
252,5,18,0
252,6,18,0
252,7,18,0
252,8,18,0
252,9,18,0
252,10,18,0
252,11,18,0
252,12,18,0
252,13,18,0
252,14,18,0
252,15,18,0
252,16,18,0
252,17,18,0
252,18,18,0
252,19,18,0
252,20,18,0
252,21,18,0
252,22,18,0
252,23,18,0
252,24,18,0
252,25,18,0
252,26,18,0
252,27,18,0
252,28,18,0
252,29,18,0
252,30,18,0
252,31,18,0
252,32,18,0
252,33,18,0
252,34,18,0
252,35,18,0
252,36,18,0
252,37,18,0
252,38,18,0
252,39,18,0
252,40,18,0
252,41,18,0
252,42,18,0
252,43,18,0
252,44,18,0
252,45,18,0
252,46,18,0
252,47,18,0
252,48,18,0
252,49,18,0
252,50,18,0
252,51,18,0
252,52,18,0
252,53,18,0
252,54,18,1
252,55,18,0
252,56,18,0
252,57,18,0
252,58,18,0
252,59,18,0
252,60,18,0
252,61,18,0
252,62,18,0
252,63,18,0
252,64,18,0
252,65,18,0
252,66,18,0
252,67,18,0
252,68,18,0
252,69,18,0
252,70,18,0
252,71,18,0
252,72,18,0
252,73,18,0
252,74,18,1
252,75,18,1
252,76,18,0
252,77,18,1
252,78,18,1
252,79,18,0
252,80,18,0
252,81,18,1
252,82,18,1
252,83,18,1
252,84,18,0
252,85,18,1
252,86,18,0
252,87,18,1
252,88,18,1
252,89,18,0
252,90,18,1
252,91,18,1
252,92,18,0
252,93,18,0
252,94,18,0
252,95,18,0
252,96,18,0
252,97,18,0
252,98,18,1
252,99,18,0
252,100,18,0
252,101,18,1
252,102,18,0
252,103,18,0
252,104,18,0
252,105,18,0
252,106,18,0
252,107,18,0
252,108,18,0
252,109,18,0
252,110,18,0
252,111,18,0
252,0,19,0
252,1,19,0
252,2,19,0
252,3,19,0
252,4,19,0
252,5,19,0
252,6,19,0
252,7,19,0
252,8,19,0
252,9,19,0
252,10,19,0
252,11,19,0
252,12,19,0
252,13,19,0
252,14,19,0
252,15,19,0
252,16,19,0
252,17,19,0
252,18,19,0
252,19,19,0
252,20,19,0
252,21,19,0
252,22,19,0
252,23,19,0
252,24,19,0
252,25,19,0
252,26,19,0
252,27,19,0
252,28,19,0
252,29,19,0
252,30,19,0
252,31,19,0
252,32,19,0
252,33,19,0
252,34,19,0
252,35,19,0
252,36,19,0
252,37,19,0
252,38,19,0
252,39,19,0
252,40,19,0
252,41,19,0
252,42,19,0
252,43,19,0
252,44,19,0
252,45,19,0
252,46,19,0
252,47,19,0
252,48,19,0
252,49,19,0
252,50,19,0
252,51,19,0
252,52,19,0
252,53,19,0
252,54,19,0
252,55,19,0
252,56,19,0
252,57,19,0
252,58,19,0
252,59,19,0
252,60,19,0
252,61,19,0
252,62,19,0
252,63,19,1
252,64,19,0
252,65,19,0
252,66,19,0
252,67,19,0
252,68,19,0
252,69,19,0
252,70,19,0
252,71,19,0
252,72,19,0
252,73,19,1
252,74,19,0
252,75,19,0
252,76,19,0
252,77,19,0
252,78,19,0
252,79,19,0
252,80,19,1
252,81,19,0
252,82,19,0
252,83,19,0
252,84,19,0
252,85,19,0
252,86,19,0
252,87,19,1
252,88,19,1
252,89,19,0
252,90,19,1
252,91,19,1
252,92,19,0
252,93,19,0
252,94,19,0
252,95,19,0
252,96,19,0
252,97,19,0
252,98,19,1
252,99,19,0
252,100,19,0
252,101,19,1
252,102,19,0
252,103,19,0
252,104,19,0
252,105,19,0
252,106,19,0
252,107,19,0
252,108,19,0
252,109,19,0
252,110,19,0
252,111,19,0
252,0,20,0
252,1,20,0
252,2,20,0
252,3,20,0
252,4,20,0
252,5,20,0
252,6,20,0
252,7,20,0
252,8,20,0
252,9,20,0
252,10,20,0
252,11,20,0
252,12,20,0
252,13,20,0
252,14,20,0
252,15,20,0
252,16,20,0
252,17,20,0
252,18,20,0
252,19,20,0
252,20,20,0
252,21,20,0
252,22,20,0
252,23,20,0
252,24,20,0
252,25,20,0
252,26,20,0
252,27,20,0
252,28,20,0
252,29,20,0
252,30,20,0
252,31,20,0
252,32,20,0
252,33,20,0
252,34,20,0
252,35,20,0
252,36,20,0
252,37,20,0
252,38,20,0
252,39,20,0
252,40,20,0
252,41,20,0
252,42,20,0
252,43,20,0
252,44,20,0
252,45,20,0
252,46,20,0
252,47,20,0
252,48,20,0
252,49,20,0
252,50,20,0
252,51,20,0
252,52,20,0
252,53,20,0
252,54,20,0
252,55,20,0
252,56,20,0
252,57,20,0
252,58,20,0
252,59,20,0
252,60,20,0
252,61,20,0
252,62,20,0
252,63,20,0
252,64,20,0
252,65,20,0
252,66,20,0
252,67,20,0
252,68,20,0
252,69,20,0
252,70,20,0
252,71,20,1
252,72,20,1
252,73,20,0
252,74,20,0
252,75,20,1
252,76,20,0
252,77,20,0
252,78,20,0
252,79,20,0
252,80,20,0
252,81,20,0
252,82,20,0
252,83,20,0
252,84,20,0
252,85,20,0
252,86,20,0
252,87,20,0
252,88,20,0
252,89,20,0
252,90,20,0
252,91,20,1
252,92,20,0
252,93,20,0
252,94,20,0
252,95,20,0
252,96,20,0
252,97,20,0
252,98,20,0
252,99,20,0
252,100,20,0
252,101,20,0
252,102,20,0
252,103,20,0
252,104,20,0
252,105,20,0
252,106,20,0
252,107,20,0
252,108,20,0
252,109,20,0
252,110,20,0
252,111,20,0
252,0,21,0
252,1,21,0
252,2,21,0
252,3,21,0
252,4,21,0
252,5,21,0
252,6,21,0
252,7,21,0
252,8,21,0
252,9,21,0
252,10,21,0
252,11,21,0
252,12,21,0
252,13,21,0
252,14,21,0
252,15,21,0
252,16,21,0
252,17,21,0
252,18,21,0
252,19,21,1
252,20,21,0
252,21,21,0
252,22,21,0
252,23,21,0
252,24,21,1
252,25,21,0
252,26,21,0
252,27,21,0
252,28,21,0
252,29,21,0
252,30,21,0
252,31,21,0
252,32,21,0
252,33,21,0
252,34,21,1
252,35,21,0
252,36,21,0
252,37,21,0
252,38,21,0
252,39,21,0
252,40,21,0
252,41,21,0
252,42,21,0
252,43,21,0
252,44,21,0
252,45,21,0
252,46,21,0
252,47,21,0
252,48,21,0
252,49,21,0
252,50,21,0
252,51,21,0
252,52,21,0
252,53,21,0
252,54,21,0
252,55,21,0
252,56,21,0
252,57,21,0
252,58,21,0
252,59,21,0
252,60,21,0
252,61,21,0
252,62,21,0
252,63,21,0
252,64,21,0
252,65,21,0
252,66,21,0
252,67,21,0
252,68,21,0
252,69,21,0
252,70,21,0
252,71,21,1
252,72,21,0
252,73,21,0
252,74,21,0
252,75,21,0
252,76,21,0
252,77,21,1
252,78,21,1
252,79,21,0
252,80,21,0
252,81,21,1
252,82,21,1
252,83,21,1
252,84,21,0
252,85,21,1
252,86,21,0
252,87,21,0
252,88,21,0
252,89,21,0
252,90,21,0
252,91,21,0
252,92,21,0
252,93,21,0
252,94,21,0
252,95,21,0
252,96,21,0
252,97,21,0
252,98,21,0
252,99,21,0
252,100,21,0
252,101,21,0
252,102,21,0
252,103,21,0
252,104,21,0
252,105,21,0
252,106,21,0
252,107,21,0
252,108,21,0
252,109,21,0
252,110,21,0
252,111,21,0
252,0,22,0
252,1,22,0
252,2,22,0
252,3,22,0
252,4,22,0
252,5,22,0
252,6,22,0
252,7,22,0
252,8,22,0
252,9,22,1
252,10,22,0
252,11,22,0
252,12,22,0
252,13,22,0
252,14,22,0
252,15,22,0
252,16,22,0
252,17,22,0
252,18,22,0
252,19,22,0
252,20,22,0
252,21,22,0
252,22,22,0
252,23,22,0
252,24,22,0
252,25,22,0
252,26,22,1
252,27,22,0
252,28,22,0
252,29,22,0
252,30,22,0
252,31,22,0
252,32,22,0
252,33,22,0
252,34,22,0
252,35,22,0
252,36,22,0
252,37,22,0
252,38,22,0
252,39,22,0
252,40,22,0
252,41,22,0
252,42,22,0
252,43,22,0
252,44,22,0
252,45,22,0
252,46,22,0
252,47,22,0
252,48,22,0
252,49,22,0
252,50,22,0
252,51,22,0
252,52,22,0
252,53,22,0
252,54,22,0
252,55,22,0
252,56,22,0
252,57,22,0
252,58,22,0
252,59,22,0
252,60,22,0
252,61,22,0
252,62,22,0
252,63,22,0
252,64,22,0
252,65,22,0
252,66,22,0
252,67,22,0
252,68,22,0
252,69,22,0
252,70,22,1
252,71,22,0
252,72,22,0
252,73,22,0
252,74,22,0
252,75,22,0
252,76,22,0
252,77,22,1
252,78,22,1
252,79,22,0
252,80,22,0
252,81,22,1
252,82,22,1
252,83,22,1
252,84,22,0
252,85,22,1
252,86,22,0
252,87,22,0
252,88,22,0
252,89,22,0
252,90,22,0
252,91,22,0
252,92,22,0
252,93,22,0
252,94,22,0
252,95,22,0
252,96,22,0
252,97,22,0
252,98,22,0
252,99,22,0
252,100,22,0
252,101,22,0
252,102,22,0
252,103,22,0
252,104,22,0
252,105,22,0
252,106,22,0
252,107,22,0
252,108,22,0
252,109,22,0
252,110,22,0
252,111,22,0
252,0,23,0
252,1,23,0
252,2,23,0
252,3,23,0
252,4,23,0
252,5,23,0
252,6,23,0
252,7,23,0
252,8,23,0
252,9,23,0
252,10,23,0
252,11,23,0
252,12,23,0
252,13,23,0
252,14,23,0
252,15,23,0
252,16,23,0
252,17,23,0
252,18,23,0
252,19,23,0
252,20,23,0
252,21,23,0
252,22,23,0
252,23,23,0
252,24,23,0
252,25,23,0
252,26,23,0
252,27,23,0
252,28,23,0
252,29,23,0
252,30,23,0
252,31,23,0
252,32,23,0
252,33,23,0
252,34,23,0
252,35,23,0
252,36,23,0
252,37,23,0
252,38,23,0
252,39,23,0
252,40,23,0
252,41,23,0
252,42,23,0
252,43,23,0
252,44,23,0
252,45,23,0
252,46,23,0
252,47,23,0
252,48,23,0
252,49,23,0
252,50,23,0
252,51,23,0
252,52,23,0
252,53,23,0
252,54,23,0
252,55,23,0
252,56,23,0
252,57,23,0
252,58,23,0
252,59,23,0
252,60,23,0
252,61,23,0
252,62,23,0
252,63,23,0
252,64,23,0
252,65,23,0
252,66,23,0
252,67,23,0
252,68,23,0
252,69,23,1
252,70,23,0
252,71,23,0
252,72,23,0
252,73,23,0
252,74,23,0
252,75,23,0
252,76,23,0
252,77,23,0
252,78,23,0
252,79,23,0
252,80,23,0
252,81,23,0
252,82,23,0
252,83,23,0
252,84,23,0
252,85,23,0
252,86,23,0
252,87,23,0
252,88,23,0
252,89,23,0
252,90,23,0
252,91,23,0
252,92,23,0
252,93,23,0
252,94,23,0
252,95,23,0
252,96,23,0
252,97,23,0
252,98,23,0
252,99,23,0
252,100,23,0
252,101,23,0
252,102,23,0
252,103,23,0
252,104,23,0
252,105,23,0
252,106,23,0
252,107,23,0
252,108,23,0
252,109,23,0
252,110,23,0
252,111,23,0
252,0,24,0
252,1,24,0
252,2,24,0
252,3,24,0
252,4,24,0
252,5,24,0
252,6,24,0
252,7,24,0
252,8,24,0
252,9,24,0
252,10,24,0
252,11,24,0
252,12,24,0
252,13,24,0
252,14,24,0
252,15,24,0
252,16,24,0
252,17,24,0
252,18,24,0
252,19,24,0
252,20,24,0
252,21,24,0
252,22,24,0
252,23,24,0
252,24,24,0
252,25,24,0
252,26,24,0
252,27,24,0
252,28,24,0
252,29,24,0
252,30,24,0
252,31,24,0
252,32,24,0
252,33,24,0
252,34,24,0
252,35,24,0
252,36,24,0
252,37,24,0
252,38,24,0
252,39,24,0
252,40,24,0
252,41,24,0
252,42,24,1
252,43,24,0
252,44,24,0
252,45,24,0
252,46,24,0
252,47,24,0
252,48,24,0
252,49,24,0
252,50,24,0
252,51,24,0
252,52,24,0
252,53,24,0
252,54,24,0
252,55,24,0
252,56,24,0
252,57,24,0
252,58,24,0
252,59,24,0
252,60,24,0
252,61,24,0
252,62,24,0
252,63,24,0
252,64,24,0
252,65,24,1
252,66,24,0
252,67,24,0
252,68,24,1
252,69,24,0
252,70,24,0
252,71,24,0
252,72,24,0
252,73,24,0
252,74,24,0
252,75,24,0
252,76,24,0
252,77,24,0
252,78,24,0
252,79,24,0
252,80,24,0
252,81,24,0
252,82,24,0
252,83,24,0
252,84,24,0
252,85,24,0
252,86,24,0
252,87,24,0
252,88,24,1
252,89,24,0
252,90,24,0
252,91,24,0
252,92,24,0
252,93,24,0
252,94,24,1
252,95,24,0
252,96,24,0
252,97,24,0
252,98,24,0
252,99,24,0
252,100,24,0
252,101,24,0
252,102,24,0
252,103,24,0
252,104,24,0
252,105,24,0
252,106,24,0
252,107,24,0
252,108,24,0
252,109,24,0
252,110,24,0
252,111,24,0
252,0,25,0
252,1,25,0
252,2,25,0
252,3,25,1
252,4,25,0
252,5,25,0
252,6,25,0
252,7,25,0
252,8,25,0
252,9,25,0
252,10,25,0
252,11,25,0
252,12,25,0
252,13,25,0
252,14,25,0
252,15,25,0
252,16,25,0
252,17,25,0
252,18,25,0
252,19,25,0
252,20,25,0
252,21,25,0
252,22,25,0
252,23,25,0
252,24,25,0
252,25,25,0
252,26,25,0
252,27,25,0
252,28,25,0
252,29,25,0
252,30,25,0
252,31,25,0
252,32,25,0
252,33,25,0
252,34,25,0
252,35,25,0
252,36,25,0
252,37,25,0
252,38,25,0
252,39,25,0
252,40,25,0
252,41,25,0
252,42,25,0
252,43,25,0
252,44,25,1
252,45,25,0
252,46,25,0
252,47,25,0
252,48,25,0
252,49,25,0
252,50,25,0
252,51,25,0
252,52,25,0
252,53,25,0
252,54,25,0
252,55,25,0
252,56,25,0
252,57,25,0
252,58,25,0
252,59,25,0
252,60,25,0
252,61,25,0
252,62,25,0
252,63,25,0
252,64,25,0
252,65,25,0
252,66,25,0
252,67,25,1
252,68,25,0
252,69,25,0
252,70,25,0
252,71,25,0
252,72,25,0
252,73,25,0
252,74,25,0
252,75,25,0
252,76,25,0
252,77,25,0
252,78,25,0
252,79,25,0
252,80,25,0
252,81,25,0
252,82,25,0
252,83,25,0
252,84,25,0
252,85,25,0
252,86,25,0
252,87,25,0
252,88,25,0
252,89,25,0
252,90,25,0
252,91,25,0
252,92,25,0
252,93,25,0
252,94,25,0
252,95,25,0
252,96,25,0
252,97,25,0
252,98,25,0
252,99,25,0
252,100,25,0
252,101,25,0
252,102,25,0
252,103,25,0
252,104,25,0
252,105,25,0
252,106,25,0
252,107,25,0
252,108,25,0
252,109,25,1
252,110,25,0
252,111,25,0
252,0,26,0
252,1,26,0
252,2,26,0
252,3,26,0
252,4,26,0
252,5,26,0
252,6,26,0
252,7,26,0
252,8,26,0
252,9,26,0
252,10,26,0
252,11,26,0
252,12,26,0
252,13,26,0
252,14,26,0
252,15,26,0
252,16,26,0
252,17,26,0
252,18,26,0
252,19,26,0
252,20,26,0
252,21,26,0
252,22,26,0
252,23,26,0
252,24,26,0
252,25,26,0
252,26,26,0
252,27,26,0
252,28,26,0
252,29,26,0
252,30,26,0
252,31,26,0
252,32,26,0
252,33,26,0
252,34,26,0
252,35,26,0
252,36,26,0
252,37,26,0
252,38,26,0
252,39,26,0
252,40,26,0
252,41,26,0
252,42,26,0
252,43,26,0
252,44,26,0
252,45,26,0
252,46,26,0
252,47,26,0
252,48,26,0
252,49,26,0
252,50,26,0
252,51,26,0
252,52,26,0
252,53,26,0
252,54,26,0
252,55,26,0
252,56,26,0
252,57,26,0
252,58,26,0
252,59,26,0
252,60,26,0
252,61,26,0
252,62,26,0
252,63,26,0
252,64,26,0
252,65,26,0
252,66,26,1
252,67,26,0
252,68,26,1
252,69,26,0
252,70,26,0
252,71,26,0
252,72,26,0
252,73,26,0
252,74,26,0
252,75,26,0
252,76,26,0
252,77,26,0
252,78,26,0
252,79,26,1
252,80,26,0
252,81,26,0
252,82,26,0
252,83,26,0
252,84,26,0
252,85,26,1
252,86,26,0
252,87,26,0
252,88,26,0
252,89,26,0
252,90,26,0
252,91,26,0
252,92,26,0
252,93,26,0
252,94,26,0
252,95,26,0
252,96,26,0
252,97,26,0
252,98,26,0
252,99,26,0
252,100,26,0
252,101,26,0
252,102,26,0
252,103,26,0
252,104,26,1
252,105,26,0
252,106,26,0
252,107,26,0
252,108,26,0
252,109,26,0
252,110,26,0
252,111,26,0
252,0,27,0
252,1,27,0
252,2,27,0
252,3,27,0
252,4,27,0
252,5,27,0
252,6,27,0
252,7,27,0
252,8,27,0
252,9,27,0
252,10,27,0
252,11,27,1
252,12,27,0
252,13,27,0
252,14,27,0
252,15,27,1
252,16,27,0
252,17,27,0
252,18,27,0
252,19,27,0
252,20,27,0
252,21,27,0
252,22,27,0
252,23,27,0
252,24,27,0
252,25,27,0
252,26,27,0
252,27,27,0
252,28,27,0
252,29,27,0
252,30,27,0
252,31,27,0
252,32,27,0
252,33,27,0
252,34,27,0
252,35,27,0
252,36,27,1
252,37,27,0
252,38,27,0
252,39,27,0
252,40,27,1
252,41,27,0
252,42,27,0
252,43,27,0
252,44,27,1
252,45,27,0
252,46,27,0
252,47,27,0
252,48,27,0
252,49,27,0
252,50,27,0
252,51,27,0
252,52,27,0
252,53,27,0
252,54,27,0
252,55,27,0
252,56,27,0
252,57,27,0
252,58,27,0
252,59,27,0
252,60,27,0
252,61,27,0
252,62,27,0
252,63,27,0
252,64,27,0
252,65,27,1
252,66,27,0
252,67,27,0
252,68,27,0
252,69,27,1
252,70,27,0
252,71,27,0
252,72,27,0
252,73,27,0
252,74,27,0
252,75,27,0
252,76,27,0
252,77,27,0
252,78,27,0
252,79,27,0
252,80,27,0
252,81,27,0
252,82,27,0
252,83,27,0
252,84,27,0
252,85,27,0
252,86,27,0
252,87,27,0
252,88,27,0
252,89,27,0
252,90,27,0
252,91,27,0
252,92,27,0
252,93,27,0
252,94,27,0
252,95,27,1
252,96,27,0
252,97,27,0
252,98,27,0
252,99,27,0
252,100,27,0
252,101,27,0
252,102,27,0
252,103,27,0
252,104,27,0
252,105,27,0
252,106,27,0
252,107,27,0
252,108,27,0
252,109,27,0
252,110,27,0
252,111,27,0
252,0,28,0
252,1,28,0
252,2,28,0
252,3,28,0
252,4,28,0
252,5,28,1
252,6,28,0
252,7,28,0
252,8,28,0
252,9,28,0
252,10,28,0
252,11,28,0
252,12,28,0
252,13,28,0
252,14,28,0
252,15,28,0
252,16,28,0
252,17,28,0
252,18,28,0
252,19,28,0
252,20,28,0
252,21,28,0
252,22,28,0
252,23,28,0
252,24,28,0
252,25,28,0
252,26,28,0
252,27,28,1
252,28,28,0
252,29,28,0
252,30,28,0
252,31,28,1
252,32,28,0
252,33,28,0
252,34,28,0
252,35,28,0
252,36,28,0
252,37,28,0
252,38,28,0
252,39,28,0
252,40,28,0
252,41,28,0
252,42,28,0
252,43,28,0
252,44,28,0
252,45,28,0
252,46,28,0
252,47,28,0
252,48,28,0
252,49,28,0
252,50,28,0
252,51,28,0
252,52,28,0
252,53,28,0
252,54,28,0
252,55,28,0
252,56,28,0
252,57,28,0
252,58,28,1
252,59,28,0
252,60,28,0
252,61,28,0
252,62,28,0
252,63,28,0
252,64,28,1
252,65,28,0
252,66,28,0
252,67,28,0
252,68,28,0
252,69,28,0
252,70,28,0
252,71,28,0
252,72,28,0
252,73,28,0
252,74,28,0
252,75,28,0
252,76,28,0
252,77,28,0
252,78,28,0
252,79,28,0
252,80,28,0
252,81,28,0
252,82,28,0
252,83,28,0
252,84,28,0
252,85,28,0
252,86,28,0
252,87,28,0
252,88,28,0
252,89,28,0
252,90,28,0
252,91,28,0
252,92,28,0
252,93,28,0
252,94,28,0
252,95,28,0
252,96,28,0
252,97,28,0
252,98,28,0
252,99,28,0
252,100,28,0
252,101,28,0
252,102,28,0
252,103,28,0
252,104,28,0
252,105,28,0
252,106,28,0
252,107,28,0
252,108,28,0
252,109,28,0
252,110,28,0
252,111,28,0
252,0,29,0
252,1,29,0
252,2,29,0
252,3,29,0
252,4,29,0
252,5,29,0
252,6,29,0
252,7,29,0
252,8,29,0
252,9,29,0
252,10,29,0
252,11,29,0
252,12,29,0
252,13,29,0
252,14,29,0
252,15,29,0
252,16,29,0
252,17,29,0
252,18,29,0
252,19,29,0
252,20,29,0
252,21,29,0
252,22,29,0
252,23,29,0
252,24,29,0
252,25,29,0
252,26,29,0
252,27,29,0
252,28,29,0
252,29,29,0
252,30,29,0
252,31,29,0
252,32,29,0
252,33,29,0
252,34,29,0
252,35,29,0
252,36,29,0
252,37,29,0
252,38,29,0
252,39,29,0
252,40,29,0
252,41,29,0
252,42,29,0
252,43,29,1
252,44,29,0
252,45,29,0
252,46,29,0
252,47,29,0
252,48,29,0
252,49,29,0
252,50,29,0
252,51,29,0
252,52,29,0
252,53,29,0
252,54,29,0
252,55,29,0
252,56,29,0
252,57,29,0
252,58,29,0
252,59,29,0
252,60,29,0
252,61,29,0
252,62,29,0
252,63,29,1
252,64,29,0
252,65,29,0
252,66,29,0
252,67,29,0
252,68,29,0
252,69,29,0
252,70,29,0
252,71,29,1
252,72,29,0
252,73,29,0
252,74,29,0
252,75,29,0
252,76,29,1
252,77,29,0
252,78,29,0
252,79,29,0
252,80,29,0
252,81,29,0
252,82,29,0
252,83,29,0
252,84,29,0
252,85,29,0
252,86,29,0
252,87,29,1
252,88,29,0
252,89,29,0
252,90,29,0
252,91,29,0
252,92,29,0
252,93,29,0
252,94,29,0
252,95,29,0
252,96,29,0
252,97,29,0
252,98,29,0
252,99,29,0
252,100,29,0
252,101,29,0
252,102,29,0
252,103,29,0
252,104,29,0
252,105,29,0
252,106,29,0
252,107,29,0
252,108,29,0
252,109,29,0
252,110,29,0
252,111,29,0
252,0,30,0
252,1,30,0
252,2,30,0
252,3,30,0
252,4,30,0
252,5,30,0
252,6,30,0
252,7,30,0
252,8,30,0
252,9,30,0
252,10,30,0
252,11,30,0
252,12,30,0
252,13,30,0
252,14,30,0
252,15,30,0
252,16,30,0
252,17,30,0
252,18,30,0
252,19,30,0
252,20,30,0
252,21,30,0
252,22,30,0
252,23,30,0
252,24,30,0
252,25,30,0
252,26,30,0
252,27,30,0
252,28,30,0
252,29,30,0
252,30,30,1
252,31,30,0
252,32,30,0
252,33,30,0
252,34,30,0
252,35,30,0
252,36,30,0
252,37,30,0
252,38,30,0
252,39,30,0
252,40,30,0
252,41,30,0
252,42,30,0
252,43,30,0
252,44,30,0
252,45,30,0
252,46,30,0
252,47,30,0
252,48,30,0
252,49,30,0
252,50,30,0
252,51,30,1
252,52,30,0
252,53,30,0
252,54,30,0
252,55,30,0
252,56,30,0
252,57,30,0
252,58,30,0
252,59,30,0
252,60,30,0
252,61,30,0
252,62,30,1
252,63,30,0
252,64,30,0
252,65,30,0
252,66,30,0
252,67,30,0
252,68,30,0
252,69,30,0
252,70,30,0
252,71,30,0
252,72,30,0
252,73,30,0
252,74,30,0
252,75,30,0
252,76,30,0
252,77,30,0
252,78,30,0
252,79,30,0
252,80,30,0
252,81,30,0
252,82,30,0
252,83,30,0
252,84,30,0
252,85,30,0
252,86,30,0
252,87,30,0
252,88,30,0
252,89,30,0
252,90,30,0
252,91,30,0
252,92,30,0
252,93,30,0
252,94,30,0
252,95,30,0
252,96,30,0
252,97,30,0
252,98,30,0
252,99,30,0
252,100,30,0
252,101,30,0
252,102,30,1
252,103,30,0
252,104,30,0
252,105,30,0
252,106,30,0
252,107,30,0
252,108,30,0
252,109,30,0
252,110,30,0
252,111,30,0
252,0,31,0
252,1,31,0
252,2,31,0
252,3,31,0
252,4,31,0
252,5,31,0
252,6,31,0
252,7,31,0
252,8,31,0
252,9,31,1
252,10,31,0
252,11,31,0
252,12,31,0
252,13,31,0
252,14,31,0
252,15,31,0
252,16,31,0
252,17,31,0
252,18,31,0
252,19,31,0
252,20,31,0
252,21,31,0
252,22,31,0
252,23,31,0
252,24,31,0
252,25,31,0
252,26,31,0
252,27,31,0
252,28,31,0
252,29,31,0
252,30,31,0
252,31,31,1
252,32,31,1
252,33,31,0
252,34,31,0
252,35,31,0
252,36,31,0
252,37,31,0
252,38,31,0
252,39,31,0
252,40,31,0
252,41,31,0
252,42,31,0
252,43,31,0
252,44,31,0
252,45,31,0
252,46,31,0
252,47,31,0
252,48,31,0
252,49,31,0
252,50,31,0
252,51,31,1
252,52,31,0
252,53,31,0
252,54,31,0
252,55,31,1
252,56,31,0
252,57,31,0
252,58,31,0
252,59,31,0
252,60,31,0
252,61,31,0
252,62,31,0
252,63,31,0
252,64,31,0
252,65,31,0
252,66,31,0
252,67,31,0
252,68,31,0
252,69,31,0
252,70,31,0
252,71,31,0
252,72,31,0
252,73,31,0
252,74,31,0
252,75,31,0
252,76,31,0
252,77,31,0
252,78,31,0
252,79,31,0
252,80,31,0
252,81,31,0
252,82,31,0
252,83,31,0
252,84,31,0
252,85,31,0
252,86,31,0
252,87,31,0
252,88,31,0
252,89,31,0
252,90,31,0
252,91,31,0
252,92,31,0
252,93,31,0
252,94,31,0
252,95,31,0
252,96,31,0
252,97,31,0
252,98,31,0
252,99,31,0
252,100,31,0
252,101,31,0
252,102,31,0
252,103,31,0
252,104,31,0
252,105,31,0
252,106,31,0
252,107,31,0
252,108,31,0
252,109,31,0
252,110,31,0
252,111,31,0
252,0,32,0
252,1,32,0
252,2,32,0
252,3,32,0
252,4,32,0
252,5,32,0
252,6,32,0
252,7,32,0
252,8,32,0
252,9,32,0
252,10,32,0
252,11,32,0
252,12,32,0
252,13,32,0
252,14,32,0
252,15,32,0
252,16,32,0
252,17,32,0
252,18,32,0
252,19,32,1
252,20,32,0
252,21,32,0
252,22,32,0
252,23,32,0
252,24,32,0
252,25,32,0
252,26,32,0
252,27,32,0
252,28,32,0
252,29,32,0
252,30,32,0
252,31,32,0
252,32,32,0
252,33,32,0
252,34,32,0
252,35,32,0
252,36,32,1
252,37,32,0
252,38,32,0
252,39,32,0
252,40,32,0
252,41,32,0
252,42,32,0
252,43,32,0
252,44,32,0
252,45,32,0
252,46,32,0
252,47,32,0
252,48,32,0
252,49,32,0
252,50,32,0
252,51,32,0
252,52,32,0
252,53,32,0
252,54,32,0
252,55,32,0
252,56,32,0
252,57,32,0
252,58,32,0
252,59,32,0
252,60,32,1
252,61,32,0
252,62,32,0
252,63,32,0
252,64,32,0
252,65,32,1
252,66,32,0
252,67,32,0
252,68,32,0
252,69,32,0
252,70,32,0
252,71,32,0
252,72,32,0
252,73,32,0
252,74,32,0
252,75,32,0
252,76,32,0
252,77,32,0
252,78,32,0
252,79,32,0
252,80,32,0
252,81,32,0
252,82,32,0
252,83,32,0
252,84,32,0
252,85,32,0
252,86,32,0
252,87,32,0
252,88,32,0
252,89,32,0
252,90,32,0
252,91,32,0
252,92,32,0
252,93,32,0
252,94,32,0
252,95,32,0
252,96,32,0
252,97,32,0
252,98,32,0
252,99,32,0
252,100,32,0
252,101,32,0
252,102,32,0
252,103,32,0
252,104,32,0
252,105,32,0
252,106,32,0
252,107,32,0
252,108,32,0
252,109,32,0
252,110,32,0
252,111,32,0
252,0,33,0
252,1,33,0
252,2,33,0
252,3,33,0
252,4,33,0
252,5,33,0
252,6,33,0
252,7,33,0
252,8,33,0
252,9,33,0
252,10,33,0
252,11,33,0
252,12,33,0
252,13,33,0
252,14,33,0
252,15,33,0
252,16,33,0
252,17,33,0
252,18,33,0
252,19,33,0
252,20,33,0
252,21,33,0
252,22,33,0
252,23,33,0
252,24,33,0
252,25,33,0
252,26,33,0
252,27,33,0
252,28,33,0
252,29,33,0
252,30,33,0
252,31,33,0
252,32,33,0
252,33,33,0
252,34,33,1
252,35,33,0
252,36,33,0
252,37,33,0
252,38,33,0
252,39,33,0
252,40,33,0
252,41,33,0
252,42,33,0
252,43,33,0
252,44,33,0
252,45,33,0
252,46,33,0
252,47,33,0
252,48,33,0
252,49,33,1
252,50,33,0
252,51,33,0
252,52,33,0
252,53,33,0
252,54,33,0
252,55,33,0
252,56,33,1
252,57,33,0
252,58,33,0
252,59,33,0
252,60,33,0
252,61,33,0
252,62,33,0
252,63,33,0
252,64,33,0
252,65,33,0
252,66,33,0
252,67,33,0
252,68,33,0
252,69,33,0
252,70,33,0
252,71,33,0
252,72,33,0
252,73,33,0
252,74,33,0
252,75,33,0
252,76,33,0
252,77,33,0
252,78,33,0
252,79,33,0
252,80,33,0
252,81,33,0
252,82,33,0
252,83,33,0
252,84,33,0
252,85,33,0
252,86,33,0
252,87,33,1
252,88,33,1
252,89,33,0
252,90,33,1
252,91,33,1
252,92,33,1
252,93,33,0
252,94,33,0
252,95,33,0
252,96,33,0
252,97,33,0
252,98,33,1
252,99,33,1
252,100,33,0
252,101,33,1
252,102,33,0
252,103,33,0
252,104,33,0
252,105,33,0
252,106,33,0
252,107,33,0
252,108,33,0
252,109,33,0
252,110,33,0
252,111,33,0
252,0,34,0
252,1,34,0
252,2,34,0
252,3,34,0
252,4,34,1
252,5,34,0
252,6,34,0
252,7,34,0
252,8,34,0
252,9,34,0
252,10,34,0
252,11,34,0
252,12,34,0
252,13,34,0
252,14,34,0
252,15,34,0
252,16,34,0
252,17,34,0
252,18,34,0
252,19,34,0
252,20,34,0
252,21,34,0
252,22,34,0
252,23,34,0
252,24,34,0
252,25,34,0
252,26,34,0
252,27,34,0
252,28,34,0
252,29,34,0
252,30,34,0
252,31,34,0
252,32,34,0
252,33,34,0
252,34,34,0
252,35,34,0
252,36,34,0
252,37,34,0
252,38,34,0
252,39,34,0
252,40,34,1
252,41,34,0
252,42,34,0
252,43,34,0
252,44,34,0
252,45,34,0
252,46,34,0
252,47,34,0
252,48,34,0
252,49,34,0
252,50,34,0
252,51,34,0
252,52,34,0
252,53,34,0
252,54,34,0
252,55,34,0
252,56,34,0
252,57,34,0
252,58,34,0
252,59,34,0
252,60,34,0
252,61,34,0
252,62,34,0
252,63,34,0
252,64,34,0
252,65,34,0
252,66,34,0
252,67,34,0
252,68,34,0
252,69,34,0
252,70,34,0
252,71,34,0
252,72,34,0
252,73,34,0
252,74,34,0
252,75,34,0
252,76,34,0
252,77,34,0
252,78,34,0
252,79,34,0
252,80,34,0
252,81,34,0
252,82,34,0
252,83,34,0
252,84,34,0
252,85,34,0
252,86,34,0
252,87,34,0
252,88,34,0
252,89,34,0
252,90,34,0
252,91,34,0
252,92,34,0
252,93,34,0
252,94,34,0
252,95,34,0
252,96,34,0
252,97,34,0
252,98,34,1
252,99,34,0
252,100,34,0
252,101,34,0
252,102,34,0
252,103,34,0
252,104,34,0
252,105,34,0
252,106,34,0
252,107,34,0
252,108,34,0
252,109,34,0
252,110,34,0
252,111,34,0
252,0,35,0
252,1,35,0
252,2,35,0
252,3,35,0
252,4,35,0
252,5,35,0
252,6,35,0
252,7,35,0
252,8,35,0
252,9,35,0
252,10,35,0
252,11,35,0
252,12,35,0
252,13,35,0
252,14,35,0
252,15,35,0
252,16,35,0
252,17,35,0
252,18,35,0
252,19,35,0
252,20,35,0
252,21,35,0
252,22,35,0
252,23,35,0
252,24,35,0
252,25,35,1
252,26,35,0
252,27,35,0
252,28,35,0
252,29,35,0
252,30,35,0
252,31,35,0
252,32,35,0
252,33,35,0
252,34,35,0
252,35,35,0
252,36,35,0
252,37,35,0
252,38,35,0
252,39,35,0
252,40,35,0
252,41,35,0
252,42,35,0
252,43,35,0
252,44,35,0
252,45,35,0
252,46,35,0
252,47,35,0
252,48,35,0
252,49,35,0
252,50,35,0
252,51,35,0
252,52,35,0
252,53,35,0
252,54,35,1
252,55,35,0
252,56,35,1
252,57,35,0
252,58,35,0
252,59,35,0
252,60,35,0
252,61,35,0
252,62,35,0
252,63,35,0
252,64,35,0
252,65,35,0
252,66,35,0
252,67,35,0
252,68,35,1
252,69,35,0
252,70,35,0
252,71,35,1
252,72,35,0
252,73,35,1
252,74,35,1
252,75,35,0
252,76,35,0
252,77,35,0
252,78,35,0
252,79,35,0
252,80,35,0
252,81,35,0
252,82,35,0
252,83,35,0
252,84,35,0
252,85,35,0
252,86,35,0
252,87,35,0
252,88,35,0
252,89,35,0
252,90,35,0
252,91,35,0
252,92,35,0
252,93,35,0
252,94,35,0
252,95,35,0
252,96,35,0
252,97,35,0
252,98,35,0
252,99,35,0
252,100,35,0
252,101,35,0
252,102,35,0
252,103,35,1
252,104,35,0
252,105,35,0
252,106,35,0
252,107,35,0
252,108,35,0
252,109,35,0
252,110,35,0
252,111,35,0
252,0,36,0
252,1,36,0
252,2,36,0
252,3,36,0
252,4,36,0
252,5,36,0
252,6,36,0
252,7,36,0
252,8,36,0
252,9,36,0
252,10,36,0
252,11,36,0
252,12,36,1
252,13,36,0
252,14,36,0
252,15,36,0
252,16,36,0
252,17,36,0
252,18,36,0
252,19,36,0
252,20,36,0
252,21,36,0
252,22,36,0
252,23,36,0
252,24,36,0
252,25,36,0
252,26,36,0
252,27,36,0
252,28,36,0
252,29,36,0
252,30,36,0
252,31,36,0
252,32,36,0
252,33,36,0
252,34,36,0
252,35,36,0
252,36,36,0
252,37,36,0
252,38,36,0
252,39,36,0
252,40,36,0
252,41,36,0
252,42,36,0
252,43,36,1
252,44,36,0
252,45,36,0
252,46,36,0
252,47,36,0
252,48,36,0
252,49,36,0
252,50,36,0
252,51,36,0
252,52,36,0
252,53,36,0
252,54,36,0
252,55,36,0
252,56,36,0
252,57,36,0
252,58,36,0
252,59,36,0
252,60,36,0
252,61,36,0
252,62,36,0
252,63,36,0
252,64,36,0
252,65,36,0
252,66,36,0
252,67,36,0
252,68,36,0
252,69,36,0
252,70,36,0
252,71,36,0
252,72,36,0
252,73,36,0
252,74,36,0
252,75,36,0
252,76,36,0
252,77,36,0
252,78,36,0
252,79,36,0
252,80,36,0
252,81,36,0
252,82,36,0
252,83,36,0
252,84,36,0
252,85,36,0
252,86,36,0
252,87,36,0
252,88,36,0
252,89,36,0
252,90,36,0
252,91,36,0
252,92,36,0
252,93,36,0
252,94,36,0
252,95,36,0
252,96,36,0
252,97,36,0
252,98,36,0
252,99,36,0
252,100,36,0
252,101,36,0
252,102,36,0
252,103,36,0
252,104,36,0
252,105,36,0
252,106,36,0
252,107,36,0
252,108,36,0
252,109,36,0
252,110,36,0
252,111,36,0
252,0,37,0
252,1,37,0
252,2,37,0
252,3,37,0
252,4,37,0
252,5,37,0
252,6,37,0
252,7,37,0
252,8,37,0
252,9,37,0
252,10,37,0
252,11,37,0
252,12,37,0
252,13,37,0
252,14,37,0
252,15,37,0
252,16,37,0
252,17,37,0
252,18,37,0
252,19,37,0
252,20,37,0
252,21,37,0
252,22,37,0
252,23,37,0
252,24,37,0
252,25,37,0
252,26,37,0
252,27,37,0
252,28,37,0
252,29,37,0
252,30,37,0
252,31,37,0
252,32,37,0
252,33,37,0
252,34,37,0
252,35,37,0
252,36,37,0
252,37,37,0
252,38,37,0
252,39,37,0
252,40,37,0
252,41,37,0
252,42,37,0
252,43,37,0
252,44,37,0
252,45,37,0
252,46,37,0
252,47,37,0
252,48,37,0
252,49,37,0
252,50,37,0
252,51,37,0
252,52,37,0
252,53,37,0
252,54,37,0
252,55,37,0
252,56,37,0
252,57,37,0
252,58,37,0
252,59,37,0
252,60,37,0
252,61,37,0
252,62,37,0
252,63,37,0
252,64,37,0
252,65,37,0
252,66,37,0
252,67,37,0
252,68,37,0
252,69,37,0
252,70,37,0
252,71,37,0
252,72,37,0
252,73,37,0
252,74,37,1
252,75,37,0
252,76,37,0
252,77,37,0
252,78,37,0
252,79,37,0
252,80,37,0
252,81,37,0
252,82,37,0
252,83,37,0
252,84,37,0
252,85,37,0
252,86,37,0
252,87,37,0
252,88,37,0
252,89,37,0
252,90,37,0
252,91,37,1
252,92,37,0
252,93,37,0
252,94,37,0
252,95,37,0
252,96,37,0
252,97,37,0
252,98,37,0
252,99,37,0
252,100,37,0
252,101,37,0
252,102,37,0
252,103,37,0
252,104,37,0
252,105,37,0
252,106,37,0
252,107,37,0
252,108,37,0
252,109,37,0
252,110,37,0
252,111,37,0
252,0,38,0
252,1,38,1
252,2,38,0
252,3,38,0
252,4,38,0
252,5,38,0
252,6,38,0
252,7,38,0
252,8,38,0
252,9,38,0
252,10,38,0
252,11,38,0
252,12,38,0
252,13,38,0
252,14,38,0
252,15,38,0
252,16,38,0
252,17,38,0
252,18,38,1
252,19,38,0
252,20,38,0
252,21,38,0
252,22,38,0
252,23,38,0
252,24,38,0
252,25,38,0
252,26,38,0
252,27,38,0
252,28,38,0
252,29,38,0
252,30,38,0
252,31,38,0
252,32,38,0
252,33,38,0
252,34,38,0
252,35,38,0
252,36,38,0
252,37,38,0
252,38,38,0
252,39,38,0
252,40,38,0
252,41,38,0
252,42,38,0
252,43,38,0
252,44,38,0
252,45,38,0
252,46,38,0
252,47,38,0
252,48,38,0
252,49,38,0
252,50,38,0
252,51,38,0
252,52,38,0
252,53,38,0
252,54,38,0
252,55,38,0
252,56,38,0
252,57,38,0
252,58,38,0
252,59,38,0
252,60,38,0
252,61,38,0
252,62,38,0
252,63,38,0
252,64,38,0
252,65,38,0
252,66,38,0
252,67,38,0
252,68,38,0
252,69,38,0
252,70,38,0
252,71,38,0
252,72,38,0
252,73,38,0
252,74,38,0
252,75,38,0
252,76,38,0
252,77,38,0
252,78,38,0
252,79,38,0
252,80,38,0
252,81,38,0
252,82,38,0
252,83,38,0
252,84,38,0
252,85,38,0
252,86,38,0
252,87,38,1
252,88,38,1
252,89,38,0
252,90,38,1
252,91,38,1
252,92,38,0
252,93,38,0
252,94,38,0
252,95,38,0
252,96,38,0
252,97,38,0
252,98,38,1
252,99,38,0
252,100,38,0
252,101,38,1
252,102,38,0
252,103,38,0
252,104,38,0
252,105,38,0
252,106,38,0
252,107,38,0
252,108,38,0
252,109,38,0
252,110,38,0
252,111,38,0
252,0,39,0
252,1,39,0
252,2,39,0
252,3,39,0
252,4,39,0
252,5,39,0
252,6,39,0
252,7,39,0
252,8,39,0
252,9,39,0
252,10,39,0
252,11,39,0
252,12,39,0
252,13,39,0
252,14,39,0
252,15,39,0
252,16,39,0
252,17,39,0
252,18,39,0
252,19,39,0
252,20,39,0
252,21,39,0
252,22,39,0
252,23,39,0
252,24,39,0
252,25,39,0
252,26,39,0
252,27,39,0
252,28,39,0
252,29,39,0
252,30,39,0
252,31,39,0
252,32,39,0
252,33,39,0
252,34,39,0
252,35,39,0
252,36,39,0
252,37,39,0
252,38,39,0
252,39,39,0
252,40,39,0
252,41,39,0
252,42,39,0
252,43,39,0
252,44,39,0
252,45,39,0
252,46,39,0
252,47,39,0
252,48,39,0
252,49,39,0
252,50,39,0
252,51,39,0
252,52,39,0
252,53,39,0
252,54,39,0
252,55,39,0
252,56,39,0
252,57,39,0
252,58,39,1
252,59,39,0
252,60,39,0
252,61,39,0
252,62,39,0
252,63,39,0
252,64,39,0
252,65,39,0
252,66,39,0
252,67,39,0
252,68,39,0
252,69,39,0
252,70,39,0
252,71,39,0
252,72,39,0
252,73,39,0
252,74,39,0
252,75,39,0
252,76,39,0
252,77,39,0
252,78,39,0
252,79,39,0
252,80,39,0
252,81,39,0
252,82,39,0
252,83,39,0
252,84,39,0
252,85,39,0
252,86,39,0
252,87,39,0
252,88,39,0
252,89,39,0
252,90,39,0
252,91,39,0
252,92,39,0
252,93,39,0
252,94,39,0
252,95,39,0
252,96,39,0
252,97,39,0
252,98,39,0
252,99,39,0
252,100,39,0
252,101,39,0
252,102,39,0
252,103,39,0
252,104,39,0
252,105,39,0
252,106,39,0
252,107,39,0
252,108,39,0
252,109,39,0
252,110,39,0
252,111,39,0
252,0,40,0
252,1,40,0
252,2,40,0
252,3,40,0
252,4,40,1
252,5,40,0
252,6,40,0
252,7,40,0
252,8,40,0
252,9,40,0
252,10,40,0
252,11,40,0
252,12,40,0
252,13,40,0
252,14,40,0
252,15,40,0
252,16,40,0
252,17,40,0
252,18,40,0
252,19,40,0
252,20,40,0
252,21,40,0
252,22,40,0
252,23,40,0
252,24,40,0
252,25,40,0
252,26,40,0
252,27,40,0
252,28,40,0
252,29,40,0
252,30,40,0
252,31,40,0
252,32,40,0
252,33,40,0
252,34,40,0
252,35,40,0
252,36,40,0
252,37,40,0
252,38,40,0
252,39,40,0
252,40,40,0
252,41,40,0
252,42,40,0
252,43,40,0
252,44,40,0
252,45,40,0
252,46,40,0
252,47,40,0
252,48,40,0
252,49,40,0
252,50,40,0
252,51,40,0
252,52,40,0
252,53,40,0
252,54,40,1
252,55,40,0
252,56,40,1
252,57,40,0
252,58,40,0
252,59,40,0
252,60,40,0
252,61,40,0
252,62,40,0
252,63,40,0
252,64,40,0
252,65,40,0
252,66,40,0
252,67,40,0
252,68,40,0
252,69,40,0
252,70,40,0
252,71,40,1
252,72,40,0
252,73,40,1
252,74,40,1
252,75,40,0
252,76,40,0
252,77,40,0
252,78,40,0
252,79,40,0
252,80,40,0
252,81,40,1
252,82,40,0
252,83,40,0
252,84,40,0
252,85,40,0
252,86,40,0
252,87,40,0
252,88,40,0
252,89,40,0
252,90,40,0
252,91,40,0
252,92,40,0
252,93,40,0
252,94,40,0
252,95,40,0
252,96,40,0
252,97,40,0
252,98,40,0
252,99,40,0
252,100,40,0
252,101,40,1
252,102,40,0
252,103,40,0
252,104,40,0
252,105,40,0
252,106,40,0
252,107,40,0
252,108,40,0
252,109,40,0
252,110,40,1
252,111,40,0
252,0,41,0
252,1,41,0
252,2,41,0
252,3,41,0
252,4,41,0
252,5,41,0
252,6,41,0
252,7,41,0
252,8,41,0
252,9,41,0
252,10,41,0
252,11,41,0
252,12,41,0
252,13,41,0
252,14,41,0
252,15,41,0
252,16,41,0
252,17,41,0
252,18,41,0
252,19,41,0
252,20,41,0
252,21,41,0
252,22,41,0
252,23,41,0
252,24,41,0
252,25,41,0
252,26,41,0
252,27,41,0
252,28,41,0
252,29,41,0
252,30,41,0
252,31,41,0
252,32,41,0
252,33,41,0
252,34,41,1
252,35,41,0
252,36,41,0
252,37,41,0
252,38,41,0
252,39,41,0
252,40,41,0
252,41,41,0
252,42,41,0
252,43,41,1
252,44,41,0
252,45,41,0
252,46,41,0
252,47,41,0
252,48,41,0
252,49,41,0
252,50,41,0
252,51,41,0
252,52,41,0
252,53,41,0
252,54,41,1
252,55,41,0
252,56,41,1
252,57,41,0
252,58,41,0
252,59,41,0
252,60,41,0
252,61,41,0
252,62,41,0
252,63,41,0
252,64,41,0
252,65,41,0
252,66,41,0
252,67,41,0
252,68,41,0
252,69,41,0
252,70,41,0
252,71,41,1
252,72,41,0
252,73,41,1
252,74,41,1
252,75,41,0
252,76,41,1
252,77,41,0
252,78,41,0
252,79,41,0
252,80,41,0
252,81,41,0
252,82,41,0
252,83,41,0
252,84,41,0
252,85,41,0
252,86,41,0
252,87,41,0
252,88,41,0
252,89,41,0
252,90,41,0
252,91,41,0
252,92,41,0
252,93,41,0
252,94,41,0
252,95,41,0
252,96,41,0
252,97,41,0
252,98,41,0
252,99,41,0
252,100,41,0
252,101,41,0
252,102,41,0
252,103,41,0
252,104,41,0
252,105,41,0
252,106,41,0
252,107,41,0
252,108,41,0
252,109,41,1
252,110,41,0
252,111,41,0
252,0,42,0
252,1,42,0
252,2,42,0
252,3,42,0
252,4,42,0
252,5,42,0
252,6,42,0
252,7,42,0
252,8,42,0
252,9,42,0
252,10,42,0
252,11,42,0
252,12,42,0
252,13,42,0
252,14,42,0
252,15,42,0
252,16,42,0
252,17,42,0
252,18,42,0
252,19,42,0
252,20,42,0
252,21,42,0
252,22,42,0
252,23,42,0
252,24,42,0
252,25,42,0
252,26,42,0
252,27,42,0
252,28,42,0
252,29,42,0
252,30,42,0
252,31,42,0
252,32,42,0
252,33,42,0
252,34,42,0
252,35,42,0
252,36,42,0
252,37,42,0
252,38,42,0
252,39,42,1
252,40,42,0
252,41,42,0
252,42,42,0
252,43,42,0
252,44,42,1
252,45,42,0
252,46,42,0
252,47,42,0
252,48,42,0
252,49,42,0
252,50,42,0
252,51,42,1
252,52,42,1
252,53,42,1
252,54,42,1
252,55,42,1
252,56,42,0
252,57,42,0
252,58,42,0
252,59,42,0
252,60,42,0
252,61,42,0
252,62,42,0
252,63,42,0
252,64,42,0
252,65,42,0
252,66,42,0
252,67,42,0
252,68,42,0
252,69,42,0
252,70,42,0
252,71,42,1
252,72,42,0
252,73,42,0
252,74,42,0
252,75,42,0
252,76,42,0
252,77,42,0
252,78,42,1
252,79,42,0
252,80,42,0
252,81,42,0
252,82,42,0
252,83,42,0
252,84,42,0
252,85,42,0
252,86,42,0
252,87,42,1
252,88,42,1
252,89,42,0
252,90,42,1
252,91,42,1
252,92,42,0
252,93,42,0
252,94,42,0
252,95,42,0
252,96,42,0
252,97,42,0
252,98,42,1
252,99,42,0
252,100,42,0
252,101,42,1
252,102,42,0
252,103,42,1
252,104,42,0
252,105,42,0
252,106,42,0
252,107,42,0
252,108,42,0
252,109,42,0
252,110,42,0
252,111,42,0
252,0,43,0
252,1,43,0
252,2,43,0
252,3,43,0
252,4,43,0
252,5,43,0
252,6,43,0
252,7,43,0
252,8,43,0
252,9,43,0
252,10,43,0
252,11,43,0
252,12,43,0
252,13,43,0
252,14,43,0
252,15,43,0
252,16,43,0
252,17,43,0
252,18,43,0
252,19,43,0
252,20,43,0
252,21,43,0
252,22,43,0
252,23,43,0
252,24,43,0
252,25,43,0
252,26,43,0
252,27,43,0
252,28,43,0
252,29,43,0
252,30,43,0
252,31,43,0
252,32,43,0
252,33,43,0
252,34,43,0
252,35,43,0
252,36,43,0
252,37,43,0
252,38,43,0
252,39,43,0
252,40,43,0
252,41,43,0
252,42,43,0
252,43,43,0
252,44,43,0
252,45,43,0
252,46,43,1
252,47,43,0
252,48,43,0
252,49,43,0
252,50,43,0
252,51,43,0
252,52,43,0
252,53,43,0
252,54,43,0
252,55,43,0
252,56,43,0
252,57,43,0
252,58,43,0
252,59,43,0
252,60,43,0
252,61,43,0
252,62,43,0
252,63,43,0
252,64,43,0
252,65,43,0
252,66,43,0
252,67,43,0
252,68,43,0
252,69,43,0
252,70,43,0
252,71,43,0
252,72,43,0
252,73,43,0
252,74,43,0
252,75,43,0
252,76,43,0
252,77,43,0
252,78,43,0
252,79,43,0
252,80,43,0
252,81,43,0
252,82,43,0
252,83,43,0
252,84,43,0
252,85,43,0
252,86,43,0
252,87,43,0
252,88,43,0
252,89,43,0
252,90,43,0
252,91,43,0
252,92,43,0
252,93,43,0
252,94,43,0
252,95,43,0
252,96,43,0
252,97,43,0
252,98,43,0
252,99,43,0
252,100,43,0
252,101,43,0
252,102,43,0
252,103,43,1
252,104,43,0
252,105,43,0
252,106,43,0
252,107,43,0
252,108,43,0
252,109,43,0
252,110,43,0
252,111,43,0
252,0,44,0
252,1,44,0
252,2,44,0
252,3,44,0
252,4,44,0
252,5,44,0
252,6,44,0
252,7,44,0
252,8,44,0
252,9,44,0
252,10,44,0
252,11,44,0
252,12,44,0
252,13,44,0
252,14,44,0
252,15,44,0
252,16,44,0
252,17,44,0
252,18,44,0
252,19,44,0
252,20,44,0
252,21,44,0
252,22,44,0
252,23,44,0
252,24,44,0
252,25,44,0
252,26,44,0
252,27,44,0
252,28,44,0
252,29,44,0
252,30,44,0
252,31,44,0
252,32,44,0
252,33,44,0
252,34,44,0
252,35,44,0
252,36,44,0
252,37,44,0
252,38,44,0
252,39,44,1
252,40,44,0
252,41,44,0
252,42,44,0
252,43,44,0
252,44,44,1
252,45,44,0
252,46,44,0
252,47,44,0
252,48,44,0
252,49,44,0
252,50,44,0
252,51,44,1
252,52,44,1
252,53,44,1
252,54,44,1
252,55,44,1
252,56,44,0
252,57,44,0
252,58,44,0
252,59,44,0
252,60,44,0
252,61,44,0
252,62,44,0
252,63,44,0
252,64,44,0
252,65,44,0
252,66,44,0
252,67,44,0
252,68,44,0
252,69,44,0
252,70,44,0
252,71,44,0
252,72,44,0
252,73,44,1
252,74,44,0
252,75,44,0
252,76,44,0
252,77,44,0
252,78,44,0
252,79,44,0
252,80,44,0
252,81,44,0
252,82,44,0
252,83,44,0
252,84,44,0
252,85,44,0
252,86,44,0
252,87,44,0
252,88,44,0
252,89,44,0
252,90,44,0
252,91,44,0
252,92,44,0
252,93,44,0
252,94,44,0
252,95,44,0
252,96,44,0
252,97,44,0
252,98,44,0
252,99,44,0
252,100,44,0
252,101,44,0
252,102,44,0
252,103,44,1
252,104,44,0
252,105,44,0
252,106,44,0
252,107,44,0
252,108,44,0
252,109,44,0
252,110,44,0
252,111,44,0
252,0,45,0
252,1,45,0
252,2,45,0
252,3,45,0
252,4,45,0
252,5,45,0
252,6,45,0
252,7,45,0
252,8,45,0
252,9,45,0
252,10,45,0
252,11,45,0
252,12,45,0
252,13,45,0
252,14,45,0
252,15,45,0
252,16,45,0
252,17,45,0
252,18,45,0
252,19,45,0
252,20,45,0
252,21,45,1
252,22,45,0
252,23,45,0
252,24,45,0
252,25,45,0
252,26,45,0
252,27,45,0
252,28,45,0
252,29,45,0
252,30,45,0
252,31,45,1
252,32,45,0
252,33,45,0
252,34,45,0
252,35,45,0
252,36,45,0
252,37,45,0
252,38,45,0
252,39,45,0
252,40,45,0
252,41,45,0
252,42,45,0
252,43,45,0
252,44,45,0
252,45,45,0
252,46,45,0
252,47,45,0
252,48,45,0
252,49,45,0
252,50,45,0
252,51,45,0
252,52,45,0
252,53,45,0
252,54,45,0
252,55,45,0
252,56,45,0
252,57,45,0
252,58,45,0
252,59,45,0
252,60,45,0
252,61,45,0
252,62,45,0
252,63,45,0
252,64,45,0
252,65,45,0
252,66,45,0
252,67,45,0
252,68,45,0
252,69,45,0
252,70,45,0
252,71,45,0
252,72,45,0
252,73,45,0
252,74,45,0
252,75,45,0
252,76,45,1
252,77,45,0
252,78,45,0
252,79,45,0
252,80,45,0
252,81,45,0
252,82,45,0
252,83,45,0
252,84,45,1
252,85,45,0
252,86,45,0
252,87,45,0
252,88,45,0
252,89,45,0
252,90,45,0
252,91,45,0
252,92,45,0
252,93,45,0
252,94,45,1
252,95,45,1
252,96,45,0
252,97,45,0
252,98,45,0
252,99,45,0
252,100,45,0
252,101,45,1
252,102,45,0
252,103,45,0
252,104,45,0
252,105,45,0
252,106,45,0
252,107,45,0
252,108,45,0
252,109,45,0
252,110,45,0
252,111,45,0
252,0,46,0
252,1,46,0
252,2,46,0
252,3,46,0
252,4,46,0
252,5,46,0
252,6,46,0
252,7,46,0
252,8,46,0
252,9,46,0
252,10,46,0
252,11,46,0
252,12,46,0
252,13,46,0
252,14,46,0
252,15,46,0
252,16,46,0
252,17,46,0
252,18,46,0
252,19,46,1
252,20,46,0
252,21,46,0
252,22,46,0
252,23,46,0
252,24,46,0
252,25,46,0
252,26,46,0
252,27,46,0
252,28,46,0
252,29,46,0
252,30,46,0
252,31,46,0
252,32,46,0
252,33,46,0
252,34,46,0
252,35,46,0
252,36,46,0
252,37,46,0
252,38,46,0
252,39,46,1
252,40,46,0
252,41,46,0
252,42,46,0
252,43,46,0
252,44,46,1
252,45,46,0
252,46,46,0
252,47,46,0
252,48,46,0
252,49,46,0
252,50,46,0
252,51,46,1
252,52,46,1
252,53,46,1
252,54,46,1
252,55,46,0
252,56,46,0
252,57,46,0
252,58,46,0
252,59,46,0
252,60,46,0
252,61,46,0
252,62,46,0
252,63,46,0
252,64,46,0
252,65,46,0
252,66,46,0
252,67,46,0
252,68,46,0
252,69,46,0
252,70,46,0
252,71,46,0
252,72,46,0
252,73,46,0
252,74,46,0
252,75,46,0
252,76,46,0
252,77,46,0
252,78,46,0
252,79,46,0
252,80,46,0
252,81,46,0
252,82,46,0
252,83,46,0
252,84,46,0
252,85,46,0
252,86,46,0
252,87,46,0
252,88,46,0
252,89,46,0
252,90,46,0
252,91,46,0
252,92,46,0
252,93,46,0
252,94,46,0
252,95,46,0
252,96,46,0
252,97,46,0
252,98,46,1
252,99,46,0
252,100,46,0
252,101,46,0
252,102,46,0
252,103,46,0
252,104,46,0
252,105,46,0
252,106,46,0
252,107,46,0
252,108,46,0
252,109,46,0
252,110,46,0
252,111,46,0
252,0,47,0
252,1,47,0
252,2,47,0
252,3,47,0
252,4,47,0
252,5,47,0
252,6,47,0
252,7,47,0
252,8,47,0
252,9,47,0
252,10,47,0
252,11,47,0
252,12,47,0
252,13,47,0
252,14,47,0
252,15,47,0
252,16,47,0
252,17,47,0
252,18,47,0
252,19,47,0
252,20,47,0
252,21,47,0
252,22,47,0
252,23,47,0
252,24,47,0
252,25,47,0
252,26,47,0
252,27,47,0
252,28,47,0
252,29,47,0
252,30,47,0
252,31,47,0
252,32,47,0
252,33,47,0
252,34,47,0
252,35,47,0
252,36,47,0
252,37,47,0
252,38,47,0
252,39,47,1
252,40,47,0
252,41,47,0
252,42,47,0
252,43,47,0
252,44,47,0
252,45,47,0
252,46,47,0
252,47,47,0
252,48,47,0
252,49,47,0
252,50,47,0
252,51,47,1
252,52,47,1
252,53,47,1
252,54,47,1
252,55,47,0
252,56,47,0
252,57,47,0
252,58,47,0
252,59,47,0
252,60,47,1
252,61,47,0
252,62,47,0
252,63,47,0
252,64,47,0
252,65,47,0
252,66,47,0
252,67,47,0
252,68,47,0
252,69,47,0
252,70,47,1
252,71,47,0
252,72,47,0
252,73,47,0
252,74,47,0
252,75,47,0
252,76,47,0
252,77,47,0
252,78,47,0
252,79,47,0
252,80,47,0
252,81,47,0
252,82,47,0
252,83,47,0
252,84,47,0
252,85,47,0
252,86,47,0
252,87,47,0
252,88,47,0
252,89,47,0
252,90,47,0
252,91,47,0
252,92,47,0
252,93,47,0
252,94,47,0
252,95,47,0
252,96,47,0
252,97,47,0
252,98,47,0
252,99,47,0
252,100,47,0
252,101,47,0
252,102,47,0
252,103,47,0
252,104,47,0
252,105,47,0
252,106,47,0
252,107,47,0
252,108,47,0
252,109,47,0
252,110,47,0
252,111,47,0
252,0,48,0
252,1,48,0
252,2,48,0
252,3,48,1
252,4,48,0
252,5,48,0
252,6,48,0
252,7,48,0
252,8,48,0
252,9,48,0
252,10,48,0
252,11,48,0
252,12,48,0
252,13,48,0
252,14,48,0
252,15,48,0
252,16,48,0
252,17,48,0
252,18,48,0
252,19,48,0
252,20,48,0
252,21,48,0
252,22,48,0
252,23,48,0
252,24,48,0
252,25,48,0
252,26,48,0
252,27,48,0
252,28,48,0
252,29,48,0
252,30,48,0
252,31,48,0
252,32,48,0
252,33,48,0
252,34,48,0
252,35,48,0
252,36,48,0
252,37,48,0
252,38,48,0
252,39,48,0
252,40,48,0
252,41,48,0
252,42,48,1
252,43,48,0
252,44,48,0
252,45,48,0
252,46,48,0
252,47,48,0
252,48,48,0
252,49,48,0
252,50,48,0
252,51,48,0
252,52,48,0
252,53,48,0
252,54,48,0
252,55,48,0
252,56,48,0
252,57,48,0
252,58,48,0
252,59,48,0
252,60,48,0
252,61,48,0
252,62,48,0
252,63,48,0
252,64,48,0
252,65,48,0
252,66,48,0
252,67,48,0
252,68,48,0
252,69,48,0
252,70,48,0
252,71,48,0
252,72,48,0
252,73,48,0
252,74,48,0
252,75,48,0
252,76,48,0
252,77,48,0
252,78,48,0
252,79,48,0
252,80,48,0
252,81,48,0
252,82,48,0
252,83,48,0
252,84,48,0
252,85,48,0
252,86,48,0
252,87,48,0
252,88,48,0
252,89,48,0
252,90,48,0
252,91,48,0
252,92,48,0
252,93,48,0
252,94,48,1
252,95,48,0
252,96,48,0
252,97,48,0
252,98,48,0
252,99,48,0
252,100,48,0
252,101,48,0
252,102,48,0
252,103,48,0
252,104,48,0
252,105,48,0
252,106,48,0
252,107,48,0
252,108,48,0
252,109,48,0
252,110,48,0
252,111,48,0
252,0,49,0
252,1,49,0
252,2,49,0
252,3,49,0
252,4,49,0
252,5,49,0
252,6,49,0
252,7,49,0
252,8,49,0
252,9,49,1
252,10,49,0
252,11,49,0
252,12,49,0
252,13,49,0
252,14,49,0
252,15,49,0
252,16,49,0
252,17,49,0
252,18,49,0
252,19,49,0
252,20,49,0
252,21,49,0
252,22,49,0
252,23,49,0
252,24,49,0
252,25,49,0
252,26,49,0
252,27,49,1
252,28,49,0
252,29,49,0
252,30,49,0
252,31,49,0
252,32,49,0
252,33,49,0
252,34,49,1
252,35,49,0
252,36,49,0
252,37,49,0
252,38,49,0
252,39,49,0
252,40,49,0
252,41,49,0
252,42,49,0
252,43,49,0
252,44,49,0
252,45,49,0
252,46,49,0
252,47,49,0
252,48,49,0
252,49,49,0
252,50,49,0
252,51,49,0
252,52,49,0
252,53,49,0
252,54,49,0
252,55,49,0
252,56,49,0
252,57,49,0
252,58,49,0
252,59,49,0
252,60,49,0
252,61,49,0
252,62,49,0
252,63,49,0
252,64,49,0
252,65,49,0
252,66,49,0
252,67,49,0
252,68,49,0
252,69,49,0
252,70,49,0
252,71,49,0
252,72,49,0
252,73,49,0
252,74,49,0
252,75,49,0
252,76,49,0
252,77,49,0
252,78,49,0
252,79,49,0
252,80,49,0
252,81,49,0
252,82,49,0
252,83,49,0
252,84,49,0
252,85,49,0
252,86,49,0
252,87,49,0
252,88,49,0
252,89,49,0
252,90,49,0
252,91,49,0
252,92,49,0
252,93,49,0
252,94,49,0
252,95,49,0
252,96,49,0
252,97,49,0
252,98,49,0
252,99,49,0
252,100,49,0
252,101,49,0
252,102,49,0
252,103,49,0
252,104,49,0
252,105,49,0
252,106,49,0
252,107,49,0
252,108,49,0
252,109,49,0
252,110,49,0
252,111,49,0
252,0,50,0
252,1,50,0
252,2,50,0
252,3,50,0
252,4,50,0
252,5,50,0
252,6,50,0
252,7,50,1
252,8,50,0
252,9,50,0
252,10,50,0
252,11,50,0
252,12,50,0
252,13,50,0
252,14,50,0
252,15,50,0
252,16,50,0
252,17,50,0
252,18,50,0
252,19,50,0
252,20,50,0
252,21,50,0
252,22,50,0
252,23,50,0
252,24,50,0
252,25,50,0
252,26,50,0
252,27,50,0
252,28,50,0
252,29,50,0
252,30,50,0
252,31,50,1
252,32,50,0
252,33,50,0
252,34,50,0
252,35,50,0
252,36,50,0
252,37,50,0
252,38,50,0
252,39,50,0
252,40,50,0
252,41,50,0
252,42,50,0
252,43,50,0
252,44,50,0
252,45,50,0
252,46,50,0
252,47,50,0
252,48,50,0
252,49,50,0
252,50,50,0
252,51,50,0
252,52,50,0
252,53,50,0
252,54,50,0
252,55,50,0
252,56,50,0
252,57,50,1
252,58,50,0
252,59,50,0
252,60,50,0
252,61,50,0
252,62,50,0
252,63,50,0
252,64,50,0
252,65,50,0
252,66,50,0
252,67,50,0
252,68,50,0
252,69,50,0
252,70,50,0
252,71,50,0
252,72,50,0
252,73,50,0
252,74,50,0
252,75,50,0
252,76,50,0
252,77,50,0
252,78,50,0
252,79,50,0
252,80,50,0
252,81,50,0
252,82,50,0
252,83,50,0
252,84,50,0
252,85,50,0
252,86,50,0
252,87,50,0
252,88,50,0
252,89,50,0
252,90,50,0
252,91,50,0
252,92,50,0
252,93,50,0
252,94,50,0
252,95,50,0
252,96,50,0
252,97,50,0
252,98,50,0
252,99,50,0
252,100,50,0
252,101,50,0
252,102,50,0
252,103,50,0
252,104,50,0
252,105,50,0
252,106,50,0
252,107,50,0
252,108,50,0
252,109,50,0
252,110,50,0
252,111,50,0
252,0,51,1
252,1,51,0
252,2,51,0
252,3,51,0
252,4,51,0
252,5,51,0
252,6,51,0
252,7,51,0
252,8,51,0
252,9,51,0
252,10,51,0
252,11,51,0
252,12,51,0
252,13,51,0
252,14,51,0
252,15,51,0
252,16,51,0
252,17,51,0
252,18,51,0
252,19,51,0
252,20,51,0
252,21,51,0
252,22,51,0
252,23,51,0
252,24,51,0
252,25,51,0
252,26,51,0
252,27,51,0
252,28,51,0
252,29,51,0
252,30,51,0
252,31,51,0
252,32,51,0
252,33,51,0
252,34,51,0
252,35,51,0
252,36,51,0
252,37,51,0
252,38,51,0
252,39,51,0
252,40,51,0
252,41,51,0
252,42,51,0
252,43,51,0
252,44,51,0
252,45,51,0
252,46,51,0
252,47,51,0
252,48,51,0
252,49,51,0
252,50,51,0
252,51,51,0
252,52,51,0
252,53,51,1
252,54,51,0
252,55,51,0
252,56,51,0
252,57,51,0
252,58,51,0
252,59,51,0
252,60,51,0
252,61,51,0
252,62,51,0
252,63,51,0
252,64,51,1
252,65,51,0
252,66,51,0
252,67,51,0
252,68,51,0
252,69,51,0
252,70,51,0
252,71,51,0
252,72,51,0
252,73,51,0
252,74,51,0
252,75,51,0
252,76,51,0
252,77,51,0
252,78,51,0
252,79,51,1
252,80,51,0
252,81,51,0
252,82,51,0
252,83,51,0
252,84,51,0
252,85,51,0
252,86,51,0
252,87,51,0
252,88,51,0
252,89,51,0
252,90,51,0
252,91,51,0
252,92,51,0
252,93,51,0
252,94,51,0
252,95,51,0
252,96,51,0
252,97,51,0
252,98,51,0
252,99,51,0
252,100,51,0
252,101,51,0
252,102,51,0
252,103,51,0
252,104,51,0
252,105,51,0
252,106,51,0
252,107,51,0
252,108,51,0
252,109,51,0
252,110,51,0
252,111,51,1
252,0,52,0
252,1,52,0
252,2,52,0
252,3,52,0
252,4,52,0
252,5,52,0
252,6,52,0
252,7,52,0
252,8,52,0
252,9,52,0
252,10,52,0
252,11,52,0
252,12,52,0
252,13,52,0
252,14,52,1
252,15,52,0
252,16,52,0
252,17,52,0
252,18,52,0
252,19,52,0
252,20,52,0
252,21,52,0
252,22,52,1
252,23,52,0
252,24,52,0
252,25,52,0
252,26,52,0
252,27,52,0
252,28,52,0
252,29,52,0
252,30,52,0
252,31,52,0
252,32,52,0
252,33,52,0
252,34,52,0
252,35,52,0
252,36,52,0
252,37,52,0
252,38,52,0
252,39,52,0
252,40,52,0
252,41,52,0
252,42,52,0
252,43,52,0
252,44,52,0
252,45,52,0
252,46,52,0
252,47,52,0
252,48,52,0
252,49,52,0
252,50,52,0
252,51,52,0
252,52,52,1
252,53,52,0
252,54,52,1
252,55,52,0
252,56,52,1
252,57,52,0
252,58,52,0
252,59,52,0
252,60,52,0
252,61,52,0
252,62,52,0
252,63,52,0
252,64,52,0
252,65,52,0
252,66,52,0
252,67,52,0
252,68,52,0
252,69,52,0
252,70,52,0
252,71,52,1
252,72,52,0
252,73,52,1
252,74,52,1
252,75,52,0
252,76,52,0
252,77,52,0
252,78,52,0
252,79,52,0
252,80,52,0
252,81,52,0
252,82,52,0
252,83,52,0
252,84,52,0
252,85,52,0
252,86,52,0
252,87,52,0
252,88,52,0
252,89,52,0
252,90,52,0
252,91,52,0
252,92,52,0
252,93,52,0
252,94,52,0
252,95,52,0
252,96,52,0
252,97,52,0
252,98,52,0
252,99,52,0
252,100,52,0
252,101,52,0
252,102,52,0
252,103,52,0
252,104,52,0
252,105,52,0
252,106,52,0
252,107,52,0
252,108,52,0
252,109,52,0
252,110,52,0
252,111,52,0
252,0,53,0
252,1,53,0
252,2,53,0
252,3,53,0
252,4,53,0
252,5,53,0
252,6,53,0
252,7,53,0
252,8,53,0
252,9,53,0
252,10,53,0
252,11,53,0
252,12,53,0
252,13,53,0
252,14,53,0
252,15,53,0
252,16,53,0
252,17,53,0
252,18,53,0
252,19,53,0
252,20,53,0
252,21,53,0
252,22,53,0
252,23,53,0
252,24,53,0
252,25,53,0
252,26,53,0
252,27,53,0
252,28,53,0
252,29,53,0
252,30,53,0
252,31,53,0
252,32,53,0
252,33,53,0
252,34,53,0
252,35,53,0
252,36,53,0
252,37,53,0
252,38,53,0
252,39,53,0
252,40,53,0
252,41,53,0
252,42,53,0
252,43,53,0
252,44,53,1
252,45,53,0
252,46,53,0
252,47,53,0
252,48,53,0
252,49,53,0
252,50,53,0
252,51,53,0
252,52,53,0
252,53,53,0
252,54,53,0
252,55,53,0
252,56,53,0
252,57,53,0
252,58,53,0
252,59,53,0
252,60,53,0
252,61,53,0
252,62,53,0
252,63,53,1
252,64,53,0
252,65,53,0
252,66,53,0
252,67,53,0
252,68,53,0
252,69,53,0
252,70,53,0
252,71,53,0
252,72,53,0
252,73,53,0
252,74,53,0
252,75,53,0
252,76,53,0
252,77,53,0
252,78,53,0
252,79,53,0
252,80,53,0
252,81,53,0
252,82,53,0
252,83,53,0
252,84,53,0
252,85,53,0
252,86,53,0
252,87,53,0
252,88,53,0
252,89,53,0
252,90,53,0
252,91,53,0
252,92,53,0
252,93,53,0
252,94,53,0
252,95,53,0
252,96,53,0
252,97,53,0
252,98,53,0
252,99,53,0
252,100,53,0
252,101,53,0
252,102,53,0
252,103,53,0
252,104,53,0
252,105,53,0
252,106,53,0
252,107,53,0
252,108,53,0
252,109,53,0
252,110,53,0
252,111,53,0
252,0,54,0
252,1,54,0
252,2,54,0
252,3,54,0
252,4,54,0
252,5,54,0
252,6,54,0
252,7,54,0
252,8,54,0
252,9,54,0
252,10,54,0
252,11,54,0
252,12,54,0
252,13,54,0
252,14,54,0
252,15,54,0
252,16,54,0
252,17,54,0
252,18,54,0
252,19,54,0
252,20,54,0
252,21,54,0
252,22,54,0
252,23,54,0
252,24,54,0
252,25,54,0
252,26,54,0
252,27,54,0
252,28,54,0
252,29,54,0
252,30,54,0
252,31,54,0
252,32,54,0
252,33,54,0
252,34,54,0
252,35,54,0
252,36,54,0
252,37,54,0
252,38,54,0
252,39,54,0
252,40,54,0
252,41,54,0
252,42,54,0
252,43,54,0
252,44,54,0
252,45,54,0
252,46,54,0
252,47,54,0
252,48,54,0
252,49,54,0
252,50,54,0
252,51,54,0
252,52,54,0
252,53,54,0
252,54,54,0
252,55,54,0
252,56,54,0
252,57,54,0
252,58,54,0
252,59,54,0
252,60,54,0
252,61,54,0
252,62,54,0
252,63,54,0
252,64,54,0
252,65,54,0
252,66,54,0
252,67,54,1
252,68,54,0
252,69,54,0
252,70,54,0
252,71,54,1
252,72,54,0
252,73,54,0
252,74,54,0
252,75,54,0
252,76,54,0
252,77,54,0
252,78,54,0
252,79,54,0
252,80,54,0
252,81,54,0
252,82,54,0
252,83,54,0
252,84,54,0
252,85,54,0
252,86,54,0
252,87,54,0
252,88,54,0
252,89,54,0
252,90,54,0
252,91,54,0
252,92,54,0
252,93,54,0
252,94,54,0
252,95,54,0
252,96,54,0
252,97,54,0
252,98,54,0
252,99,54,0
252,100,54,0
252,101,54,0
252,102,54,0
252,103,54,0
252,104,54,0
252,105,54,0
252,106,54,0
252,107,54,0
252,108,54,0
252,109,54,0
252,110,54,0
252,111,54,0
252,0,55,0
252,1,55,0
252,2,55,0
252,3,55,0
252,4,55,0
252,5,55,0
252,6,55,0
252,7,55,0
252,8,55,0
252,9,55,0
252,10,55,0
252,11,55,0
252,12,55,0
252,13,55,0
252,14,55,0
252,15,55,0
252,16,55,0
252,17,55,0
252,18,55,0
252,19,55,0
252,20,55,0
252,21,55,0
252,22,55,0
252,23,55,0
252,24,55,0
252,25,55,0
252,26,55,0
252,27,55,1
252,28,55,0
252,29,55,0
252,30,55,0
252,31,55,0
252,32,55,0
252,33,55,0
252,34,55,0
252,35,55,0
252,36,55,0
252,37,55,0
252,38,55,0
252,39,55,0
252,40,55,0
252,41,55,0
252,42,55,0
252,43,55,0
252,44,55,0
252,45,55,0
252,46,55,0
252,47,55,0
252,48,55,0
252,49,55,0
252,50,55,0
252,51,55,0
252,52,55,0
252,53,55,0
252,54,55,0
252,55,55,0
252,56,55,0
252,57,55,0
252,58,55,0
252,59,55,0
252,60,55,0
252,61,55,0
252,62,55,0
252,63,55,0
252,64,55,0
252,65,55,0
252,66,55,0
252,67,55,0
252,68,55,0
252,69,55,0
252,70,55,0
252,71,55,0
252,72,55,1
252,73,55,0
252,74,55,0
252,75,55,0
252,76,55,0
252,77,55,0
252,78,55,0
252,79,55,0
252,80,55,0
252,81,55,0
252,82,55,0
252,83,55,0
252,84,55,0
252,85,55,0
252,86,55,0
252,87,55,0
252,88,55,0
252,89,55,0
252,90,55,0
252,91,55,0
252,92,55,0
252,93,55,0
252,94,55,0
252,95,55,0
252,96,55,0
252,97,55,0
252,98,55,0
252,99,55,0
252,100,55,0
252,101,55,0
252,102,55,0
252,103,55,0
252,104,55,0
252,105,55,0
252,106,55,0
252,107,55,0
252,108,55,0
252,109,55,0
252,110,55,0
252,111,55,0
252,0,56,0
252,1,56,0
252,2,56,0
252,3,56,0
252,4,56,0
252,5,56,0
252,6,56,0
252,7,56,0
252,8,56,0
252,9,56,0
252,10,56,0
252,11,56,0
252,12,56,0
252,13,56,0
252,14,56,0
252,15,56,0
252,16,56,0
252,17,56,0
252,18,56,0
252,19,56,0
252,20,56,0
252,21,56,0
252,22,56,0
252,23,56,0
252,24,56,0
252,25,56,0
252,26,56,0
252,27,56,0
252,28,56,0
252,29,56,0
252,30,56,0
252,31,56,0
252,32,56,0
252,33,56,0
252,34,56,0
252,35,56,0
252,36,56,0
252,37,56,0
252,38,56,0
252,39,56,0
252,40,56,0
252,41,56,0
252,42,56,0
252,43,56,0
252,44,56,0
252,45,56,0
252,46,56,0
252,47,56,0
252,48,56,0
252,49,56,0
252,50,56,0
252,51,56,0
252,52,56,0
252,53,56,0
252,54,56,0
252,55,56,0
252,56,56,0
252,57,56,0
252,58,56,0
252,59,56,0
252,60,56,0
252,61,56,0
252,62,56,0
252,63,56,0
252,64,56,0
252,65,56,0
252,66,56,0
252,67,56,0
252,68,56,0
252,69,56,0
252,70,56,0
252,71,56,0
252,72,56,0
252,73,56,0
252,74,56,0
252,75,56,0
252,76,56,0
252,77,56,0
252,78,56,0
252,79,56,0
252,80,56,0
252,81,56,0
252,82,56,0
252,83,56,0
252,84,56,0
252,85,56,0
252,86,56,0
252,87,56,0
252,88,56,0
252,89,56,0
252,90,56,1
252,91,56,0
252,92,56,0
252,93,56,0
252,94,56,0
252,95,56,0
252,96,56,0
252,97,56,1
252,98,56,0
252,99,56,0
252,100,56,0
252,101,56,0
252,102,56,0
252,103,56,0
252,104,56,0
252,105,56,0
252,106,56,0
252,107,56,0
252,108,56,0
252,109,56,0
252,110,56,0
252,111,56,0
252,0,57,0
252,1,57,0
252,2,57,0
252,3,57,0
252,4,57,1
252,5,57,0
252,6,57,0
252,7,57,0
252,8,57,0
252,9,57,0
252,10,57,1
252,11,57,0
252,12,57,0
252,13,57,0
252,14,57,0
252,15,57,0
252,16,57,0
252,17,57,0
252,18,57,0
252,19,57,0
252,20,57,0
252,21,57,0
252,22,57,0
252,23,57,0
252,24,57,0
252,25,57,0
252,26,57,0
252,27,57,0
252,28,57,0
252,29,57,0
252,30,57,0
252,31,57,0
252,32,57,0
252,33,57,0
252,34,57,0
252,35,57,0
252,36,57,1
252,37,57,0
252,38,57,0
252,39,57,0
252,40,57,0
252,41,57,0
252,42,57,0
252,43,57,0
252,44,57,0
252,45,57,0
252,46,57,0
252,47,57,0
252,48,57,0
252,49,57,0
252,50,57,0
252,51,57,0
252,52,57,0
252,53,57,0
252,54,57,0
252,55,57,0
252,56,57,0
252,57,57,0
252,58,57,1
252,59,57,0
252,60,57,0
252,61,57,0
252,62,57,0
252,63,57,0
252,64,57,0
252,65,57,0
252,66,57,1
252,67,57,0
252,68,57,0
252,69,57,0
252,70,57,0
252,71,57,0
252,72,57,0
252,73,57,0
252,74,57,0
252,75,57,0
252,76,57,0
252,77,57,0
252,78,57,0
252,79,57,0
252,80,57,0
252,81,57,0
252,82,57,0
252,83,57,0
252,84,57,0
252,85,57,0
252,86,57,0
252,87,57,0
252,88,57,0
252,89,57,0
252,90,57,0
252,91,57,0
252,92,57,0
252,93,57,0
252,94,57,0
252,95,57,0
252,96,57,0
252,97,57,0
252,98,57,0
252,99,57,0
252,100,57,0
252,101,57,0
252,102,57,0
252,103,57,0
252,104,57,0
252,105,57,0
252,106,57,0
252,107,57,0
252,108,57,0
252,109,57,0
252,110,57,0
252,111,57,0
252,0,58,0
252,1,58,0
252,2,58,0
252,3,58,0
252,4,58,0
252,5,58,0
252,6,58,0
252,7,58,0
252,8,58,0
252,9,58,0
252,10,58,0
252,11,58,0
252,12,58,0
252,13,58,0
252,14,58,0
252,15,58,0
252,16,58,0
252,17,58,0
252,18,58,0
252,19,58,0
252,20,58,0
252,21,58,0
252,22,58,0
252,23,58,0
252,24,58,0
252,25,58,0
252,26,58,0
252,27,58,0
252,28,58,0
252,29,58,0
252,30,58,0
252,31,58,0
252,32,58,0
252,33,58,0
252,34,58,0
252,35,58,0
252,36,58,0
252,37,58,0
252,38,58,0
252,39,58,0
252,40,58,0
252,41,58,0
252,42,58,0
252,43,58,1
252,44,58,0
252,45,58,0
252,46,58,0
252,47,58,0
252,48,58,0
252,49,58,0
252,50,58,0
252,51,58,0
252,52,58,0
252,53,58,0
252,54,58,0
252,55,58,0
252,56,58,0
252,57,58,0
252,58,58,0
252,59,58,1
252,60,58,0
252,61,58,0
252,62,58,0
252,63,58,0
252,64,58,0
252,65,58,0
252,66,58,0
252,67,58,0
252,68,58,0
252,69,58,0
252,70,58,0
252,71,58,0
252,72,58,0
252,73,58,0
252,74,58,0
252,75,58,0
252,76,58,0
252,77,58,0
252,78,58,0
252,79,58,0
252,80,58,0
252,81,58,0
252,82,58,0
252,83,58,0
252,84,58,0
252,85,58,0
252,86,58,1
252,87,58,0
252,88,58,0
252,89,58,0
252,90,58,0
252,91,58,0
252,92,58,0
252,93,58,0
252,94,58,0
252,95,58,0
252,96,58,0
252,97,58,0
252,98,58,0
252,99,58,0
252,100,58,0
252,101,58,0
252,102,58,0
252,103,58,0
252,104,58,0
252,105,58,0
252,106,58,0
252,107,58,0
252,108,58,0
252,109,58,0
252,110,58,0
252,111,58,0
252,0,59,0
252,1,59,0
252,2,59,0
252,3,59,0
252,4,59,0
252,5,59,0
252,6,59,0
252,7,59,0
252,8,59,0
252,9,59,0
252,10,59,0
252,11,59,0
252,12,59,0
252,13,59,1
252,14,59,0
252,15,59,0
252,16,59,0
252,17,59,0
252,18,59,0
252,19,59,0
252,20,59,0
252,21,59,0
252,22,59,0
252,23,59,0
252,24,59,0
252,25,59,0
252,26,59,0
252,27,59,0
252,28,59,0
252,29,59,0
252,30,59,0
252,31,59,0
252,32,59,0
252,33,59,0
252,34,59,0
252,35,59,0
252,36,59,0
252,37,59,0
252,38,59,0
252,39,59,0
252,40,59,0
252,41,59,0
252,42,59,0
252,43,59,0
252,44,59,0
252,45,59,0
252,46,59,1
252,47,59,0
252,48,59,0
252,49,59,0
252,50,59,0
252,51,59,0
252,52,59,0
252,53,59,0
252,54,59,0
252,55,59,0
252,56,59,0
252,57,59,0
252,58,59,0
252,59,59,0
252,60,59,0
252,61,59,0
252,62,59,0
252,63,59,0
252,64,59,0
252,65,59,0
252,66,59,0
252,67,59,0
252,68,59,0
252,69,59,0
252,70,59,0
252,71,59,0
252,72,59,0
252,73,59,0
252,74,59,0
252,75,59,0
252,76,59,0
252,77,59,0
252,78,59,0
252,79,59,0
252,80,59,0
252,81,59,0
252,82,59,0
252,83,59,0
252,84,59,0
252,85,59,0
252,86,59,0
252,87,59,0
252,88,59,0
252,89,59,0
252,90,59,0
252,91,59,0
252,92,59,0
252,93,59,0
252,94,59,0
252,95,59,0
252,96,59,1
252,97,59,0
252,98,59,0
252,99,59,0
252,100,59,0
252,101,59,0
252,102,59,0
252,103,59,0
252,104,59,0
252,105,59,0
252,106,59,0
252,107,59,0
252,108,59,0
252,109,59,0
252,110,59,0
252,111,59,0
252,0,60,0
252,1,60,0
252,2,60,0
252,3,60,0
252,4,60,0
252,5,60,0
252,6,60,0
252,7,60,0
252,8,60,0
252,9,60,0
252,10,60,0
252,11,60,0
252,12,60,0
252,13,60,0
252,14,60,0
252,15,60,0
252,16,60,0
252,17,60,0
252,18,60,0
252,19,60,0
252,20,60,0
252,21,60,1
252,22,60,0
252,23,60,0
252,24,60,0
252,25,60,0
252,26,60,0
252,27,60,0
252,28,60,0
252,29,60,0
252,30,60,0
252,31,60,0
252,32,60,0
252,33,60,0
252,34,60,0
252,35,60,0
252,36,60,0
252,37,60,0
252,38,60,0
252,39,60,0
252,40,60,0
252,41,60,0
252,42,60,0
252,43,60,0
252,44,60,0
252,45,60,0
252,46,60,0
252,47,60,0
252,48,60,0
252,49,60,0
252,50,60,0
252,51,60,0
252,52,60,0
252,53,60,0
252,54,60,0
252,55,60,0
252,56,60,0
252,57,60,0
252,58,60,0
252,59,60,0
252,60,60,0
252,61,60,0
252,62,60,0
252,63,60,0
252,64,60,0
252,65,60,0
252,66,60,0
252,67,60,0
252,68,60,0
252,69,60,0
252,70,60,0
252,71,60,0
252,72,60,0
252,73,60,0
252,74,60,0
252,75,60,0
252,76,60,0
252,77,60,0
252,78,60,0
252,79,60,0
252,80,60,0
252,81,60,0
252,82,60,0
252,83,60,0
252,84,60,0
252,85,60,0
252,86,60,0
252,87,60,0
252,88,60,0
252,89,60,0
252,90,60,0
252,91,60,0
252,92,60,0
252,93,60,0
252,94,60,0
252,95,60,0
252,96,60,0
252,97,60,0
252,98,60,0
252,99,60,0
252,100,60,0
252,101,60,0
252,102,60,0
252,103,60,0
252,104,60,0
252,105,60,0
252,106,60,0
252,107,60,0
252,108,60,0
252,109,60,0
252,110,60,0
252,111,60,0
252,0,61,0
252,1,61,0
252,2,61,0
252,3,61,0
252,4,61,0
252,5,61,1
252,6,61,0
252,7,61,0
252,8,61,0
252,9,61,0
252,10,61,0
252,11,61,0
252,12,61,0
252,13,61,0
252,14,61,0
252,15,61,0
252,16,61,0
252,17,61,0
252,18,61,0
252,19,61,0
252,20,61,0
252,21,61,0
252,22,61,0
252,23,61,0
252,24,61,0
252,25,61,0
252,26,61,0
252,27,61,0
252,28,61,0
252,29,61,0
252,30,61,0
252,31,61,0
252,32,61,0
252,33,61,0
252,34,61,0
252,35,61,0
252,36,61,0
252,37,61,0
252,38,61,0
252,39,61,0
252,40,61,0
252,41,61,0
252,42,61,0
252,43,61,0
252,44,61,0
252,45,61,0
252,46,61,0
252,47,61,0
252,48,61,0
252,49,61,0
252,50,61,0
252,51,61,0
252,52,61,0
252,53,61,0
252,54,61,0
252,55,61,0
252,56,61,0
252,57,61,0
252,58,61,1
252,59,61,0
252,60,61,0
252,61,61,0
252,62,61,0
252,63,61,0
252,64,61,0
252,65,61,0
252,66,61,0
252,67,61,1
252,68,61,0
252,69,61,0
252,70,61,0
252,71,61,0
252,72,61,0
252,73,61,0
252,74,61,0
252,75,61,0
252,76,61,0
252,77,61,0
252,78,61,0
252,79,61,0
252,80,61,0
252,81,61,0
252,82,61,0
252,83,61,0
252,84,61,0
252,85,61,0
252,86,61,0
252,87,61,0
252,88,61,0
252,89,61,0
252,90,61,0
252,91,61,0
252,92,61,0
252,93,61,0
252,94,61,0
252,95,61,0
252,96,61,0
252,97,61,0
252,98,61,0
252,99,61,1
252,100,61,0
252,101,61,0
252,102,61,0
252,103,61,0
252,104,61,0
252,105,61,0
252,106,61,0
252,107,61,0
252,108,61,0
252,109,61,0
252,110,61,0
252,111,61,0
252,0,62,0
252,1,62,0
252,2,62,0
252,3,62,0
252,4,62,1
252,5,62,0
252,6,62,0
252,7,62,0
252,8,62,0
252,9,62,0
252,10,62,0
252,11,62,0
252,12,62,0
252,13,62,0
252,14,62,0
252,15,62,0
252,16,62,0
252,17,62,0
252,18,62,0
252,19,62,0
252,20,62,0
252,21,62,0
252,22,62,0
252,23,62,0
252,24,62,0
252,25,62,0
252,26,62,0
252,27,62,0
252,28,62,0
252,29,62,0
252,30,62,0
252,31,62,0
252,32,62,0
252,33,62,0
252,34,62,0
252,35,62,0
252,36,62,0
252,37,62,0
252,38,62,0
252,39,62,0
252,40,62,0
252,41,62,0
252,42,62,0
252,43,62,0
252,44,62,0
252,45,62,0
252,46,62,0
252,47,62,0
252,48,62,0
252,49,62,0
252,50,62,0
252,51,62,0
252,52,62,0
252,53,62,0
252,54,62,0
252,55,62,0
252,56,62,0
252,57,62,0
252,58,62,0
252,59,62,0
252,60,62,0
252,61,62,0
252,62,62,1
252,63,62,0
252,64,62,0
252,65,62,0
252,66,62,0
252,67,62,0
252,68,62,0
252,69,62,0
252,70,62,0
252,71,62,0
252,72,62,0
252,73,62,0
252,74,62,0
252,75,62,0
252,76,62,0
252,77,62,0
252,78,62,0
252,79,62,0
252,80,62,0
252,81,62,0
252,82,62,1
252,83,62,0
252,84,62,0
252,85,62,0
252,86,62,0
252,87,62,0
252,88,62,0
252,89,62,0
252,90,62,0
252,91,62,0
252,92,62,0
252,93,62,0
252,94,62,0
252,95,62,0
252,96,62,0
252,97,62,0
252,98,62,1
252,99,62,0
252,100,62,0
252,101,62,0
252,102,62,0
252,103,62,0
252,104,62,0
252,105,62,0
252,106,62,0
252,107,62,0
252,108,62,0
252,109,62,0
252,110,62,0
252,111,62,0
252,0,63,0
252,1,63,0
252,2,63,0
252,3,63,0
252,4,63,0
252,5,63,0
252,6,63,0
252,7,63,0
252,8,63,0
252,9,63,0
252,10,63,0
252,11,63,0
252,12,63,0
252,13,63,0
252,14,63,0
252,15,63,0
252,16,63,0
252,17,63,0
252,18,63,0
252,19,63,0
252,20,63,0
252,21,63,0
252,22,63,0
252,23,63,0
252,24,63,0
252,25,63,0
252,26,63,0
252,27,63,0
252,28,63,0
252,29,63,0
252,30,63,0
252,31,63,0
252,32,63,0
252,33,63,0
252,34,63,0
252,35,63,0
252,36,63,0
252,37,63,0
252,38,63,0
252,39,63,1
252,40,63,0
252,41,63,0
252,42,63,0
252,43,63,0
252,44,63,0
252,45,63,0
252,46,63,0
252,47,63,0
252,48,63,0
252,49,63,0
252,50,63,0
252,51,63,0
252,52,63,0
252,53,63,0
252,54,63,0
252,55,63,0
252,56,63,0
252,57,63,0
252,58,63,0
252,59,63,0
252,60,63,0
252,61,63,0
252,62,63,0
252,63,63,0
252,64,63,0
252,65,63,0
252,66,63,0
252,67,63,0
252,68,63,0
252,69,63,0
252,70,63,0
252,71,63,0
252,72,63,0
252,73,63,0
252,74,63,0
252,75,63,0
252,76,63,0
252,77,63,0
252,78,63,0
252,79,63,0
252,80,63,0
252,81,63,0
252,82,63,0
252,83,63,0
252,84,63,0
252,85,63,0
252,86,63,1
252,87,63,0
252,88,63,0
252,89,63,0
252,90,63,0
252,91,63,0
252,92,63,0
252,93,63,0
252,94,63,0
252,95,63,0
252,96,63,0
252,97,63,0
252,98,63,0
252,99,63,0
252,100,63,0
252,101,63,0
252,102,63,0
252,103,63,0
252,104,63,0
252,105,63,0
252,106,63,0
252,107,63,0
252,108,63,0
252,109,63,0
252,110,63,0
252,111,63,0
252,0,64,0
252,1,64,0
252,2,64,0
252,3,64,0
252,4,64,0
252,5,64,0
252,6,64,0
252,7,64,0
252,8,64,0
252,9,64,0
252,10,64,0
252,11,64,0
252,12,64,0
252,13,64,0
252,14,64,0
252,15,64,0
252,16,64,0
252,17,64,0
252,18,64,0
252,19,64,0
252,20,64,1
252,21,64,0
252,22,64,0
252,23,64,0
252,24,64,0
252,25,64,0
252,26,64,0
252,27,64,0
252,28,64,0
252,29,64,0
252,30,64,0
252,31,64,0
252,32,64,0
252,33,64,0
252,34,64,0
252,35,64,0
252,36,64,0
252,37,64,0
252,38,64,0
252,39,64,0
252,40,64,0
252,41,64,0
252,42,64,0
252,43,64,0
252,44,64,0
252,45,64,0
252,46,64,0
252,47,64,0
252,48,64,0
252,49,64,0
252,50,64,0
252,51,64,0
252,52,64,0
252,53,64,0
252,54,64,0
252,55,64,0
252,56,64,0
252,57,64,0
252,58,64,0
252,59,64,0
252,60,64,0
252,61,64,0
252,62,64,0
252,63,64,0
252,64,64,0
252,65,64,0
252,66,64,0
252,67,64,0
252,68,64,0
252,69,64,0
252,70,64,0
252,71,64,0
252,72,64,0
252,73,64,0
252,74,64,0
252,75,64,0
252,76,64,0
252,77,64,0
252,78,64,0
252,79,64,0
252,80,64,0
252,81,64,0
252,82,64,0
252,83,64,0
252,84,64,0
252,85,64,0
252,86,64,0
252,87,64,0
252,88,64,0
252,89,64,0
252,90,64,0
252,91,64,0
252,92,64,0
252,93,64,0
252,94,64,0
252,95,64,0
252,96,64,0
252,97,64,0
252,98,64,0
252,99,64,0
252,100,64,0
252,101,64,0
252,102,64,0
252,103,64,0
252,104,64,0
252,105,64,0
252,106,64,0
252,107,64,0
252,108,64,0
252,109,64,0
252,110,64,0
252,111,64,0
252,0,65,0
252,1,65,0
252,2,65,0
252,3,65,1
252,4,65,0
252,5,65,0
252,6,65,0
252,7,65,0
252,8,65,0
252,9,65,0
252,10,65,0
252,11,65,0
252,12,65,0
252,13,65,0
252,14,65,0
252,15,65,0
252,16,65,0
252,17,65,0
252,18,65,0
252,19,65,0
252,20,65,0
252,21,65,0
252,22,65,0
252,23,65,0
252,24,65,0
252,25,65,0
252,26,65,0
252,27,65,0
252,28,65,0
252,29,65,0
252,30,65,0
252,31,65,0
252,32,65,0
252,33,65,0
252,34,65,0
252,35,65,0
252,36,65,0
252,37,65,0
252,38,65,0
252,39,65,0
252,40,65,0
252,41,65,0
252,42,65,0
252,43,65,0
252,44,65,0
252,45,65,0
252,46,65,0
252,47,65,0
252,48,65,0
252,49,65,0
252,50,65,0
252,51,65,0
252,52,65,0
252,53,65,0
252,54,65,0
252,55,65,0
252,56,65,0
252,57,65,0
252,58,65,0
252,59,65,0
252,60,65,0
252,61,65,0
252,62,65,0
252,63,65,0
252,64,65,0
252,65,65,0
252,66,65,0
252,67,65,0
252,68,65,0
252,69,65,0
252,70,65,0
252,71,65,0
252,72,65,0
252,73,65,0
252,74,65,0
252,75,65,1
252,76,65,0
252,77,65,1
252,78,65,0
252,79,65,0
252,80,65,0
252,81,65,0
252,82,65,0
252,83,65,0
252,84,65,0
252,85,65,0
252,86,65,0
252,87,65,0
252,88,65,0
252,89,65,0
252,90,65,0
252,91,65,0
252,92,65,0
252,93,65,0
252,94,65,0
252,95,65,0
252,96,65,0
252,97,65,0
252,98,65,0
252,99,65,0
252,100,65,0
252,101,65,0
252,102,65,0
252,103,65,0
252,104,65,0
252,105,65,0
252,106,65,0
252,107,65,1
252,108,65,0
252,109,65,1
252,110,65,0
252,111,65,0
252,0,66,0
252,1,66,0
252,2,66,0
252,3,66,0
252,4,66,0
252,5,66,0
252,6,66,0
252,7,66,0
252,8,66,1
252,9,66,0
252,10,66,0
252,11,66,0
252,12,66,0
252,13,66,0
252,14,66,0
252,15,66,0
252,16,66,0
252,17,66,1
252,18,66,0
252,19,66,0
252,20,66,0
252,21,66,1
252,22,66,0
252,23,66,0
252,24,66,0
252,25,66,0
252,26,66,0
252,27,66,0
252,28,66,0
252,29,66,0
252,30,66,0
252,31,66,0
252,32,66,0
252,33,66,0
252,34,66,0
252,35,66,0
252,36,66,0
252,37,66,0
252,38,66,0
252,39,66,0
252,40,66,0
252,41,66,0
252,42,66,0
252,43,66,0
252,44,66,0
252,45,66,0
252,46,66,0
252,47,66,0
252,48,66,0
252,49,66,0
252,50,66,0
252,51,66,0
252,52,66,0
252,53,66,0
252,54,66,0
252,55,66,0
252,56,66,0
252,57,66,0
252,58,66,1
252,59,66,0
252,60,66,0
252,61,66,0
252,62,66,0
252,63,66,0
252,64,66,0
252,65,66,0
252,66,66,0
252,67,66,1
252,68,66,0
252,69,66,0
252,70,66,0
252,71,66,0
252,72,66,0
252,73,66,0
252,74,66,0
252,75,66,0
252,76,66,0
252,77,66,0
252,78,66,0
252,79,66,1
252,80,66,0
252,81,66,0
252,82,66,0
252,83,66,0
252,84,66,0
252,85,66,0
252,86,66,0
252,87,66,0
252,88,66,0
252,89,66,0
252,90,66,0
252,91,66,0
252,92,66,0
252,93,66,0
252,94,66,0
252,95,66,0
252,96,66,0
252,97,66,0
252,98,66,0
252,99,66,0
252,100,66,0
252,101,66,0
252,102,66,0
252,103,66,0
252,104,66,0
252,105,66,0
252,106,66,0
252,107,66,0
252,108,66,0
252,109,66,0
252,110,66,0
252,111,66,0
252,0,67,0
252,1,67,1
252,2,67,0
252,3,67,0
252,4,67,0
252,5,67,0
252,6,67,0
252,7,67,0
252,8,67,0
252,9,67,0
252,10,67,0
252,11,67,0
252,12,67,0
252,13,67,0
252,14,67,0
252,15,67,0
252,16,67,0
252,17,67,0
252,18,67,0
252,19,67,0
252,20,67,0
252,21,67,0
252,22,67,0
252,23,67,0
252,24,67,0
252,25,67,0
252,26,67,0
252,27,67,0
252,28,67,1
252,29,67,0
252,30,67,0
252,31,67,0
252,32,67,0
252,33,67,0
252,34,67,0
252,35,67,0
252,36,67,0
252,37,67,0
252,38,67,0
252,39,67,0
252,40,67,0
252,41,67,0
252,42,67,0
252,43,67,0
252,44,67,0
252,45,67,0
252,46,67,0
252,47,67,0
252,48,67,0
252,49,67,0
252,50,67,0
252,51,67,0
252,52,67,0
252,53,67,0
252,54,67,0
252,55,67,0
252,56,67,0
252,57,67,0
252,58,67,0
252,59,67,0
252,60,67,0
252,61,67,0
252,62,67,0
252,63,67,0
252,64,67,0
252,65,67,0
252,66,67,0
252,67,67,0
252,68,67,0
252,69,67,0
252,70,67,0
252,71,67,0
252,72,67,0
252,73,67,0
252,74,67,0
252,75,67,0
252,76,67,0
252,77,67,0
252,78,67,0
252,79,67,0
252,80,67,0
252,81,67,0
252,82,67,0
252,83,67,0
252,84,67,0
252,85,67,0
252,86,67,0
252,87,67,0
252,88,67,0
252,89,67,0
252,90,67,0
252,91,67,0
252,92,67,0
252,93,67,0
252,94,67,0
252,95,67,0
252,96,67,0
252,97,67,0
252,98,67,0
252,99,67,0
252,100,67,0
252,101,67,0
252,102,67,0
252,103,67,0
252,104,67,0
252,105,67,0
252,106,67,0
252,107,67,0
252,108,67,0
252,109,67,0
252,110,67,0
252,111,67,0
252,0,68,0
252,1,68,0
252,2,68,0
252,3,68,0
252,4,68,0
252,5,68,0
252,6,68,0
252,7,68,0
252,8,68,0
252,9,68,0
252,10,68,0
252,11,68,0
252,12,68,0
252,13,68,0
252,14,68,0
252,15,68,0
252,16,68,0
252,17,68,0
252,18,68,0
252,19,68,0
252,20,68,0
252,21,68,1
252,22,68,0
252,23,68,0
252,24,68,0
252,25,68,0
252,26,68,0
252,27,68,0
252,28,68,0
252,29,68,0
252,30,68,0
252,31,68,0
252,32,68,0
252,33,68,0
252,34,68,0
252,35,68,0
252,36,68,0
252,37,68,0
252,38,68,0
252,39,68,0
252,40,68,0
252,41,68,0
252,42,68,0
252,43,68,0
252,44,68,0
252,45,68,0
252,46,68,0
252,47,68,0
252,48,68,0
252,49,68,0
252,50,68,0
252,51,68,0
252,52,68,0
252,53,68,0
252,54,68,0
252,55,68,0
252,56,68,0
252,57,68,0
252,58,68,0
252,59,68,0
252,60,68,0
252,61,68,0
252,62,68,0
252,63,68,0
252,64,68,0
252,65,68,0
252,66,68,0
252,67,68,0
252,68,68,0
252,69,68,0
252,70,68,0
252,71,68,0
252,72,68,0
252,73,68,0
252,74,68,0
252,75,68,0
252,76,68,0
252,77,68,0
252,78,68,0
252,79,68,0
252,80,68,0
252,81,68,0
252,82,68,0
252,83,68,0
252,84,68,0
252,85,68,0
252,86,68,0
252,87,68,0
252,88,68,0
252,89,68,0
252,90,68,0
252,91,68,0
252,92,68,1
252,93,68,0
252,94,68,0
252,95,68,0
252,96,68,0
252,97,68,0
252,98,68,0
252,99,68,0
252,100,68,0
252,101,68,0
252,102,68,0
252,103,68,0
252,104,68,0
252,105,68,0
252,106,68,0
252,107,68,0
252,108,68,0
252,109,68,0
252,110,68,0
252,111,68,0
